tis_number,tis_name_th,num_manufacturing_licenses,num_manufacturing_entrepreneurs,num_import_licenses,num_import_entrepreneurs,num_display_licenses,num_display_entrepreneurs,total_licenses,snapshot_date
1005-2564,สีเคลือบกึ่งเงาแอลคีด,0,0,0,0,2,2,2,2025-11-01
1006-2558,ท่อเหล็กกล้าไร้สนิมออสเทไนต์สำหรับงานอุณหภูมิสูงและทนการกัดกร่อนทั่วไป,0,0,0,0,2,2,2,2025-11-01
1013-2533,บานประตูพีวีซี,0,0,0,0,24,18,24,2025-11-01
1020-2533,เครื่องเรือนสำหรับสำนักงาน : เก้าอี้ทำงานปรับได้,0,0,0,0,13,4,13,2025-11-01
1023-2534,ผลิตภัณฑ์ลบคำผิดสำหรับกระดาษพิมพ์และเขียน,0,0,0,0,3,3,3,2025-11-01
1024-2563,อาร์กอน,0,0,0,0,8,5,8,2025-11-01
1025-2562,หัวนมยางดูดเล่น,11,10,15,14,0,0,26,2025-11-01
1032-2534,น้ำยาประสานท่อพีวีซีแข็งและข้อต่อท่อพีวีซีแข็ง,0,0,0,0,15,15,15,2025-11-01
1033-2552,แลกเกอร์แอโรซอล,0,0,0,0,1,1,1,2025-11-01
1039-2547,หม้อหุงข้าวไฟฟ้า เฉพาะด้านความปลอดภัย,98,29,291,116,0,0,389,2025-11-01
1040-2541,น้ำมันเครื่องสำหรับเครื่องยนต์เบนซินสองจังหวะ,10,9,0,0,0,0,10,2025-11-01
1045-2535,กระดาษพิมพ์ต่อเนื่อง,0,0,0,0,2,2,2,2025-11-01
1048-2551,สีอีพ็อกซีสำหรับเคลือบท่อเหล็กกล้าส่งน้ำบริโภค,0,0,0,0,12,12,12,2025-11-01
1052-2534,ชุดระบายน้ำหลังคา,0,0,0,0,2,2,2,2025-11-01
1053-2534,ชุดระบายน้ำพื้น,0,0,0,0,3,2,3,2025-11-01
1054-2560,กระดาษถ่ายเอกสาร,0,0,0,0,10,7,10,2025-11-01
1056 เล่ม 1-2556,ถุงมือสำหรับการตรวจวินิจฉัยทางการแพทย์ชนิดใช้ครั้งเดียว เล่ม 1 : เกณฑ์กำหนดสำหรับถุงมือที่ทำจากน้ำยางหรือสารละลายยาง,31,23,5,5,0,0,36,2025-11-01
1062-2561,ท่อยางสำหรับงานเชื่อม งานตัด และงานประกบด้วยก๊าซ,0,0,0,0,1,1,1,2025-11-01
1065-2534,เบนทอไนต์สำหรับทำโคลนเจาะ,0,0,0,0,1,1,1,2025-11-01
107-2566,ท่อเหล็กกล้าคาร์บอนสำหรับงานโครงสร้างทั่วไป,0,0,0,0,31,25,31,2025-11-01
1092-2548,สีรองพื้นกัดผิว,0,0,0,0,1,1,1,2025-11-01
1097-2556,สีอะคริลิกเคลือบกระเบื้องซีเมนต์เส้นใยมุงหลังคา,0,0,0,0,4,4,4,2025-11-01
11 เล่ม 101-2559,สายไฟฟ้าหุ้มฉนวนพอลิไวนิลคลอไรด์ แรงดันไฟฟ้าที่กำหนดไม่เกิน 450/750 โวลต์ เล่ม 101 สายไฟฟ้ามีเปลือกสำหรับงานทั่วไป,45,36,6,6,0,0,51,2025-11-01
11 เล่ม 3-2553,สายไฟฟ้าหุ้มฉนวนพอลิไวนิลคลอไรด์ แรงดันไฟฟ้าที่กำหนดไม่เกิน 450/750 โวลต์ เล่ม 3 สายไฟฟ้าไม่มีเปลือกสำหรับงานติดตั้งยึดกับที่,108,55,28,22,0,0,136,2025-11-01
11 เล่ม 4-2553,สายไฟฟ้าหุ้มฉนวนพอลิไวนิลคลอไรด์ แรงดันไฟฟ้าที่กำหนดไม่เกิน 450/750 โวลต์ เล่ม 4 สายไฟฟ้ามีเปลือกสำหรับงานติดตั้งยึดกับที่,40,31,2,2,0,0,42,2025-11-01
11 เล่ม 5-2553,สายไฟฟ้าหุ้มฉนวนพอลิไวนิลคลอไรด์ แรงดันไฟฟ้าที่กำหนดไม่เกิน 450/750 โวลต์ เล่ม 5 สายอ่อน,95,54,30,20,0,0,125,2025-11-01
1101-2535,อุปกรณ์ช่วยปิดประตูสำหรับประตูบานผลักสองทาง,0,0,0,0,11,5,11,2025-11-01
111-2538,ผ้าถักวงกลม,0,0,0,0,1,1,1,2025-11-01
1115-2535,แฟ้มกระดาษ,0,0,0,0,3,3,3,2025-11-01
1122-2546,เก้าอี้ผู้ปฏิบัติการทันตกรรม,0,0,0,0,6,5,6,2025-11-01
1123-2555,สีรองพื้นสำหรับงานปูน,0,0,0,0,48,45,48,2025-11-01
1128-2562,แผ่นเหล็กมุงหลังคา,0,0,0,0,26,24,26,2025-11-01
1129-2535,ชุดพื้นยก,0,0,0,0,2,2,2,2025-11-01
113-2562,ตะปูเหล็ก,0,0,0,0,7,7,7,2025-11-01
1132-2536,ภาชนะพลาสติกสำหรับบรรจุผลิตภัณฑ์ปิโตรเลียมจุดวาบไฟสูง,0,0,0,0,1,1,1,2025-11-01
1136-2559,ฟิล์มยืดหุ้มห่ออาหาร,5,4,8,8,0,0,13,2025-11-01
1139-2536,ท่อทองแดงไร้ตะเข็บ,0,0,0,0,8,1,8,2025-11-01
1141-2565,ถ้วยกระดาษสำหรับเครื่องดื่ม,0,0,0,0,4,4,4,2025-11-01
1146-2536,ชุดล้อสำหรับประตูและหน้าต่างบานเลื่อนอะลูมิเนียม,0,0,0,0,3,3,3,2025-11-01
1147-2549,ดินสอสี,0,0,0,0,3,3,3,2025-11-01
1149-2548,สีเทียน,9,8,14,8,0,0,23,2025-11-01
115-2529,กุ้งเยือกแข็ง,0,0,0,0,1,1,1,2025-11-01
1155-2557,เครื่องปรับอากาศสำหรับห้อง แบบแยกส่วน,0,0,0,0,116,18,116,2025-11-01
1163-2536,แผ่นเทอร์โมเซตติงแลมิเนต,0,0,0,0,4,2,4,2025-11-01
1164-2559,ท่อคอนกรีตเสริมเหล็กหล่อสำเร็จรูปสี่เหลี่ยมสำหรับงานระบายน้ำใต้ทางเท้า วัสดุถมไม่เกิน 3.0 m,0,0,0,0,137,119,137,2025-11-01
1165-2559,ท่อคอนกรีตเสริมเหล็กหล่อสำเร็จรูปสี่เหลี่ยมสำหรับงานระบายน้ำใต้ผิวจราจร วัสดุถมน้อยกว่า 0.6 m,0,0,0,0,33,25,33,2025-11-01
1166-2559,ท่อคอนกรีตเสริมเหล็กหล่อสำเร็จรูปสี่เหลี่ยมสำหรับงานระบายน้ำใต้ผิวจราจร วัสดุถมระหว่าง 0.6 m ถึง 3.0 m,0,0,0,0,149,128,149,2025-11-01
1170-2536,ฟรักโทสซิรัป,0,0,0,0,1,1,1,2025-11-01
1177-2556,น้ำยารองพื้นสำหรับพื้นผิวที่เป็นฝุ่น,0,0,0,0,21,19,21,2025-11-01
1178-2549,สารขึ้นรูปยูเรียฟอร์มาลดีไฮด์,0,0,0,0,2,2,2,2025-11-01
118-2522,สายไฟฟ้าแรงต่ำสำหรับรถยนต์,0,0,0,0,14,4,14,2025-11-01
1180(1)-2538,รถยนต์ขนาดใหญ่ที่ใช้เครื่องยนต์ดีเซล เฉพาะด้านความปลอดภัย : สารมลพิษจากเครื่องยนต์ ระดับที่ 1,0,0,0,0,5,1,5,2025-11-01
1181-2536,ขวดนมพลาสติก,0,0,0,0,1,1,1,2025-11-01
1183-2536,เครื่องเรือนสำหรับสำนักงาน : โต๊ะทำงานเหล็กกล้า,0,0,0,0,4,2,4,2025-11-01
1189-2536,ก๊อกน้ำสำหรับฝักบัวอาบน้ำ,0,0,0,0,2,2,2,2025-11-01
1193-2536,บ่อพักคอนกรีตเสริมเหล็กหล่อสำเร็จสำหรับงานระบายน้ำ,0,0,0,0,5,5,5,2025-11-01
12-2530,กระเบื้องซีเมนต์ใยหินแผ่นเรียบ,0,0,0,0,14,7,14,2025-11-01
1200-2536,หมุดเกลียวเหล็กกล้าไร้สนิมยึดกระดูกหัวหลุมหกเหลี่ยมฐานหัวจมรูปทรงกลมเกลียวอสมมาตร,0,0,0,0,1,1,1,2025-11-01
1220-2541,ชุดประตูทนไฟแบบบานเปิด,0,0,0,0,17,17,17,2025-11-01
1222-2560,กระจกนิรภัยหลายชั้น,35,32,87,32,0,0,122,2025-11-01
1227-2558,เหล็กโครงสร้างรูปพรรณรีดร้อน,19,11,19,9,0,0,38,2025-11-01
1228-2561,เหล็กโครงสร้างรูปพรรณขึ้นรูปเย็น สำหรับงานโครงสร้างทั่วไป,45,40,0,0,0,0,45,2025-11-01
1230-2537,จานเรซินอยด์สำหรับตัด,0,0,0,0,3,3,3,2025-11-01
1231-2560,กระจกฉนวน,14,12,71,28,0,0,85,2025-11-01
1237-2537,ฝาและขอบบ่อพักคอนกรีตเสริมเหล็กหล่อสำเร็จ,0,0,0,0,3,3,3,2025-11-01
124-2518,สายพานแบนส่งกำลัง,0,0,0,0,2,2,2,2025-11-01
1245-2553,สารอัดแบบเมลามีนฟอร์แมลดีไฮด์,0,0,0,0,3,3,3,2025-11-01
1253-2537,เครื่องเรือนอเนกประสงค์ : เก้าอี้โลหะ,0,0,0,0,5,3,5,2025-11-01
126-2548,ข้อต่อซีเมนต์ใยหินชนิดทนความดัน,0,0,0,0,3,2,3,2025-11-01
127-2536,พัดลมไฟฟ้ากระแสสลับชนิดตั้งพื้น,0,0,0,0,4,3,4,2025-11-01
1277-2555,ก๊อกน้ำสำหรับอ่างล้างชาม,0,0,0,0,6,2,6,2025-11-01
1278-2555,ก๊อกน้ำสำหรับอ่างล้างหน้า-ล้างมือ,0,0,0,0,9,3,9,2025-11-01
128-2560,ท่อคอนกรีตเสริมเหล็กหล่อสำเร็จสำหรับงานระบายน้ำ,0,0,0,0,457,439,457,2025-11-01
1282-2538,สะดือสำหรับอ่างล้างหน้า-ล้างมือ,0,0,0,0,2,2,2,2025-11-01
1283-2538,เครื่องตัดหญ้าแบบใบมีดหมุนเหวี่ยงตามแนวระดับสำหรับรถแทรกเตอร์ล้อยางเพื่อการเกษตร,0,0,0,0,1,1,1,2025-11-01
1284-2560,ตู้เหล็กเก็บสัมภาระ,0,0,0,0,9,9,9,2025-11-01
1288-2538,วงกบและกรอบบานโลหะสำหรับประตูและหน้าต่าง : ประตูเหล็กกล้าขึ้นรูปเย็น,0,0,0,0,27,19,27,2025-11-01
13-2566,กรดซัลฟิวริกสำหรับแบตเตอรี่ชนิดตะกั่ว-กรด,0,0,0,0,2,2,2,2025-11-01
1303-2538,เหล็กโครงสร้างรูปพรรณเชื่อมประกอบ,0,0,0,0,3,3,3,2025-11-01
1306-2566,พอลิโพรพิลีนเรซิน,0,0,0,0,5,3,5,2025-11-01
131-2523,รองเท้าแตะฟองน้ำ,0,0,0,0,2,2,2,2025-11-01
1316-2562,ชั้นโลหะวางของ,0,0,0,0,1,1,1,2025-11-01
1318-2552,ทินเนอร์ระเหยช้า,0,0,0,0,1,1,1,2025-11-01
132-2564,รองเท้าผ้าใบ,0,0,0,0,1,1,1,2025-11-01
1326-2560,เครื่องเรือนสำหรับที่พักอาศัย : ตู้เหล็กเก็บเสื้อผ้า,0,0,0,0,4,4,4,2025-11-01
133-2562,ปูนซีเมนต์ปอร์ตแลนด์ขาว,1,1,5,5,0,0,6,2025-11-01
1342-2539,น้ำตาลทรายแดง,0,0,0,0,1,1,1,2025-11-01
1344-2560,กระจกโฟลตสีตัดแสง,8,3,78,23,0,0,86,2025-11-01
1350-2539,รถแทรกเตอร์เดินตาม,0,0,0,0,1,1,1,2025-11-01
1368-2539,ประตูระบายอากาศสำหรับงานประปา,0,0,0,0,26,16,26,2025-11-01
1377-2555,ก๊อกน้ำปิดอัตโนมัติสำหรับอ่างล้างหน้า-ล้างมือ,0,0,0,0,5,2,5,2025-11-01
1378-2559,เหล็กกล้าไร้สนิมทรงแบนรีดเย็น แผ่นม้วน แผ่นแถบ และแผ่นตัด,0,0,0,0,2,1,2,2025-11-01
1379-2551,ถังเก็บน้ำพลาสติก,0,0,0,0,50,36,50,2025-11-01
138-2562,ลวดผูกเหล็ก,0,0,0,0,6,6,6,2025-11-01
1388-2539,ทองแดงและทองแดงเจือแผ่นและแผ่นแถบ,0,0,0,0,1,1,1,2025-11-01
1389-2559,เครื่องอบผ้า คุณลักษณะที่ต้องการด้านความปลอดภัย,6,4,83,30,0,0,89,2025-11-01
1390-2560,เข็มพืดเหล็กกล้ารีดร้อน,1,1,7,6,0,0,8,2025-11-01
1394-2561,สายดูดเสมหะสำหรับใช้ครั้งเดียว,0,0,0,0,5,5,5,2025-11-01
1395-2562,บล็อกแก้วกลวง,0,0,0,0,2,1,2,2025-11-01
1398-2565,เข็มฉีดยาผ่านใต้ผิวหนังปราศจากเชื้อชนิดใช้ครั้งเดียว,0,0,0,0,1,1,1,2025-11-01
14-2565,มอโนโซเดียม แอล-กลูทาเมต,0,0,0,0,3,3,3,2025-11-01
1404-2540,ที่นอนฟองน้ำโพลิยูรีเทน,0,0,0,0,1,1,1,2025-11-01
1406-2564,สีเคลือบด้านแอลคีด,0,0,0,0,2,2,2,2025-11-01
1407-2540,กระเบื้องซีเมนต์เส้นใยแผ่นลอน,0,0,0,0,19,5,19,2025-11-01
1413-2540,ประตูน้ำเหล็กหล่อ : ลิ้นยกแบบลิ้นหุ้มยางสำหรับงานประปา,0,0,0,0,4,3,4,2025-11-01
1414-2540,แผงรั้วโลหะ,0,0,0,0,2,2,2,2025-11-01
1419-2540,เครื่องกรองน้ำชนิดใช้ถ่านกัมมันต์เม็ดและเรซินแลกเปลี่ยนแคตไอออน,0,0,0,0,3,3,3,2025-11-01
1420-2551,ไส้กรองความขุ่นสำหรับเครื่องกรองน้ำดื่ม,0,0,0,0,4,4,4,2025-11-01
1424-2540,เครื่องเรือนสำหรับสำนักงาน: ฉากกั้นห้อง,0,0,0,0,1,1,1,2025-11-01
1425-2540,ที่นอนยางฟองน้ำลาเทกซ์,0,0,0,0,2,2,2,2025-11-01
1427-2561,แผ่นซีเมนต์เส้นใย : แผ่นเรียบ,0,0,0,0,17,7,17,2025-11-01
1436 เล่ม 2-2564,ชุดประกอบสวิตช์เกียร์และเกียร์ควบคุมไฟฟ้าแรงดันต่ำ เล่ม 2 ชุดสวิตช์เกียร์และชุดเกียร์ควบคุม,0,0,0,0,28,28,28,2025-11-01
1436 เล่ม 3-2564,ชุดประกอบสวิตช์เกียร์และเกียร์ควบคุมไฟฟ้าแรงดันต่ำ เล่ม 3 บอร์ดจ่ายไฟฟ้าประสงค์ให้ใช้งานโดยบุคคลทั่วไป,20,19,0,0,18,17,38,2025-11-01
1439-2558,ท่อเหล็กกล้าไร้สนิมออสเทไนต์สำหรับหม้อน้ำเครื่องกำเนิดไอน้ำยวดยิ่ง เครื่องแลกเปลี่ยนความร้อน และเครื่องควบแน่น,0,0,0,0,2,2,2,2025-11-01
1462-2562,เครื่องซักผ้าใช้ในที่อยู่อาศัย-คุณลักษณะที่ต้องการด้านประสิทธิภาพพลังงาน,10,10,79,31,0,0,89,2025-11-01
1463-2556,เครื่องซักผ้าใช้ในที่อยู่อาศัย - คุณลักษณะที่ต้องการด้านความปลอดภัย,21,11,155,44,0,0,176,2025-11-01
1479-2558,เหล็กกล้าทรงแบนรีดร้อน สำหรับงานโครงสร้างทั่วไป,93,65,407,96,0,0,500,2025-11-01
1483-2549,ท่อไฟเบอร์กลาสส์รับความดันสำหรับงานประปา,0,0,0,0,11,5,11,2025-11-01
1484-2540,ท่อไฟเบอร์กลาสส์รับความดันสำหรับงานอุตสาหกรรมและงานระบายน้ำเสีย,0,0,0,0,8,4,8,2025-11-01
1485-2540,ท่อไฟเบอร์กลาสส์ไม่รับความดันสำหรับงานอุตสาหกรรมและงานระบายน้ำเสีย,0,0,0,0,4,3,4,2025-11-01
1495-2567,เครื่องเรือนสำหรับสถานศึกษา : เก้าอี้เรียน,0,0,0,0,1,1,1,2025-11-01
1496-2560,เครื่องเรือนสำหรับสำนักงาน : ชุดตู้เหล็กเลื่อน,0,0,0,0,4,4,4,2025-11-01
1497-2548,ชุดหัวฉีดชะล้าง,0,0,0,0,11,9,11,2025-11-01
1499-2563,เหล็กกล้าทรงแบนรีดร้อน สำหรับงานโครงสร้างเชื่อมประกอบ,23,16,54,36,0,0,77,2025-11-01
15-2562,ปูนซีเมนต์ปอร์ตแลนด์,15,9,15,12,0,0,30,2025-11-01
150-2562,โซเดียมไฮดรอกไซด์สำหรับอุตสาหกรรม,0,0,0,0,8,6,8,2025-11-01
1500-2541,บานประตูรั้วโลหะ,0,0,0,0,2,2,2,2025-11-01
1501-2564,เหล็กกล้าทรงแบนรีดร้อน สำหรับงานโครงสร้างเครื่องจักรกล,21,17,42,23,0,0,63,2025-11-01
1505-2541,ชิ้นส่วนคอนกรีตมวลเบาแบบมีฟองอากาศ-อบไอน้ำ,0,0,0,0,20,11,20,2025-11-01
1510-2541,แผ่นคอนกรีตมวลเบาเสริมเหล็กแบบมีฟองอากาศ-อบไอน้ำ,0,0,0,0,3,2,3,2025-11-01
1512-2563,สีย้อมไม้ชนิดน้ำ,0,0,0,0,2,2,2,2025-11-01
1513-2563,สีย้อมเคลือบไม้ชนิดตัวทำละลาย,0,0,0,0,5,5,5,2025-11-01
1521-2541,กาวสำหรับกระดาษ,0,0,0,0,5,3,5,2025-11-01
1529-2561,เครื่องปรับอากาศ คุณลักษณะที่ต้องการด้านความปลอดภัย,32,28,107,61,0,0,139,2025-11-01
153-2565,อิฐกลวงก่อแผงไม่รับน้ำหนัก,0,0,0,0,7,7,7,2025-11-01
155-2562,น้ำหวานเข้มข้น,0,0,0,0,2,1,2,2025-11-01
156-2518,พิวเตอร์,0,0,0,0,2,2,2,2025-11-01
1561-2556,บริภัณฑ์เทคโนโลยีสารสนเทศ - ความปลอดภัย เล่ม 1 คุณลักษณะที่ต้องการทั่วไป,0,0,0,0,1,1,1,2025-11-01
1568-2541,บานประตูโพลิเอสเตอร์เสริมใยแก้ว,0,0,0,0,9,8,9,2025-11-01
1569-2541,วงกบโพลิเอสเตอร์เสริมใยแก้วสำหรับประตู,0,0,0,0,3,3,3,2025-11-01
158-2518,กระเบื้องดินเผามุงหลังคา,0,0,0,0,5,3,5,2025-11-01
1580-2541,บัตรชี้บ่งลักษณะเฉพาะตัว - ลักษณะสมบัติทางกายภาพ,0,0,0,0,2,1,2,2025-11-01
163-2535,ลวดเหล็กกล้าคาร์บอนต่ำอบอ่อน,0,0,0,0,2,2,2,2025-11-01
1641-2552,เตาย่าง เตาปิ้ง และเครื่องทำอาหารเคลื่อนย้ายได้ที่คล้ายกัน เฉพาะด้านความปลอดภัย,31,21,621,166,0,0,652,2025-11-01
165-2554,สารส้ม,0,0,0,0,24,16,24,2025-11-01
1651-2541,วงกบและกรอบบานโลหะสำหรับประตูและหน้าต่าง : วงกบเหล็กกล้า,0,0,0,0,21,21,21,2025-11-01
166-2549,เต้าเสียบและเต้ารับสำหรับใช้ในที่อยู่อาศัยและงานทั่วไปที่มีจุดประสงค์คล้ายกัน : เต้าเสียบและเต้ารับที่มีแรงดันไฟฟ้าที่กำหนดไม่เกิน 250 โวลต์,65,57,160,86,0,0,225,2025-11-01
167-2528,อิฐประดับคัลเซียมซิลิเกตหรืออิฐปูนขาวทราย,0,0,0,0,2,1,2,2025-11-01
1677-2541,แท่นประทับตรา,0,0,0,0,3,2,3,2025-11-01
1678-2541,หมึกประทับตรา,0,0,0,0,1,1,1,2025-11-01
1693-2547,เครื่องทำน้ำร้อนไฟฟ้า น้ำผ่านร้อนทันที เฉพาะด้านความปลอดภัย,71,15,135,49,0,0,206,2025-11-01
17-2561,ท่อพีวีซีแข็งสำหรับใช้เป็นท่อน้ำดื่ม,41,38,1,1,0,0,42,2025-11-01
173-2529,ยางฟองน้ำลาเทกซ์,0,0,0,0,1,1,1,2025-11-01
1732-2558,กระจกเงา,0,0,0,0,2,2,2,2025-11-01
1735-2563,เหล็กกล้าแผ่นม้วนรีดร้อน สำหรับงานท่อ,14,10,22,13,0,0,36,2025-11-01
1745-2547,ผลิตภัณฑ์ซักผ้าชนิดเหลว,0,0,0,0,3,3,3,2025-11-01
1746-2545,แอมโมเนียมไนเทรตสำหรับทำวัตถุระเบิดแอนโฟ,2,2,89,17,0,0,91,2025-11-01
175-2562,ไนโตรเจน,0,0,0,0,12,7,12,2025-11-01
176-2561,น้ำมันถั่วเหลืองสำหรับบริโภค,0,0,0,0,5,3,5,2025-11-01
1773-2548,เตาไมโครเวฟสำหรับใช้ในที่อยู่อาศัย เฉพาะด้านความปลอดภัย,48,6,280,49,0,0,328,2025-11-01
1776-2566,มอร์ตาร์สำหรับฉาบ,0,0,0,0,14,9,14,2025-11-01
1777-2558,แคโพรแล็กแทมสำหรับอุตสาหกรรม,0,0,0,0,1,1,1,2025-11-01
178-2549,แผ่นไม้อัด,0,0,0,0,21,12,21,2025-11-01
18-2529,กระเบื้องซีเมนต์ใยหินแผ่นลอน : ลอนลูกฟูก,0,0,0,0,7,4,7,2025-11-01
181-2530,กาวโพลิไวนิลอะซีเทตอิมัลชัน,0,0,0,0,1,1,1,2025-11-01
182-2562,สำลีที่ใช้ในการแพทย์,0,0,0,0,5,5,5,2025-11-01
183-2562,โกลว์สตาร์ตเตอร์สำหรับหลอดฟลูออเรสเซนซ์,0,0,1,1,0,0,1,2025-11-01
1878-2550,เครื่องจ่ายเชิงพาณิชย์และเครื่องขายสินค้าอัตโนมัติ เฉพาะด้านความปลอดภัย,0,0,0,0,6,2,6,2025-11-01
188-2547,ปูนยิปซัมสำหรับการก่อสร้าง,0,0,0,0,3,2,3,2025-11-01
1884-2564,เหล็กกล้าทรงแบนรีดร้อน ทนแรงดึงสูงที่ปรับปรุงสมบัติการขึ้นรูป สำหรับงานโครงสร้างรถยนต์,30,22,99,33,0,0,129,2025-11-01
194-2535,ลวดเหล็กกล้าคาร์บอนต่ำ,0,0,0,0,43,28,43,2025-11-01
1955-2551,บริภัณฑ์ส่องสว่างและบริภัณฑ์ที่คล้ายกัน : ขีดจำกัดสัญญาณรบกวนวิทยุ,890,219,4719,847,0,0,5609,2025-11-01
1956-2553,บริภัณฑ์เทคโนโลยีสารสนเทศ : ขีดจำกัดสัญญาณรบกวนวิทยุ,0,0,0,0,20,5,20,2025-11-01
1984-2543,แผ่นยิปซัมเสริมใยแก้ว,0,0,0,0,2,1,2,2025-11-01
199-2534,ซิป,0,0,0,0,2,1,2,2025-11-01
1999-2560,เหล็กกล้าทรงแบนรีดร้อน สำหรับงานโครงสร้างรถยนต์,51,38,162,47,0,0,213,2025-11-01
20-2559,เหล็กเส้นเสริมคอนกรีต : เหล็กเส้นกลม,38,34,0,0,0,0,38,2025-11-01
200-2536,ลวดเสียบกระดาษ,0,0,0,0,1,1,1,2025-11-01
2011-2563,เหล็กกล้าทรงแบนรีดร้อน ที่ต้านการกัดกร่อนได้ดีในบรรยากาศ,1,1,0,0,0,0,1,2025-11-01
2012-2558,เหล็กกล้าทรงแบนรีดเย็น สำหรับงานทั่วไปและงานดึงขึ้นรูป,75,55,303,86,0,0,378,2025-11-01
205-2530,พัดลมไฟฟ้ากระแสสลับชนิดแขวนเพดาน,0,0,0,0,4,2,4,2025-11-01
2060-2560,เหล็กกล้าทรงแบนรีดร้อน สำหรับงานถังก๊าซ,10,7,10,3,0,0,20,2025-11-01
2062-2558,กระติกน้ำร้อนไฟฟ้า คุณลักษณะที่ต้องการด้านความปลอดภัย,14,14,36,26,0,0,50,2025-11-01
2066-2552,ฝักบัวอาบน้ำ เฉพาะด้านสิ่งแวดล้อม : การประหยัดน้ำ,42,27,564,187,0,0,606,2025-11-01
2067-2552,ก๊อกน้ำสำหรับเครื่องสุขภัณฑ์ เฉพาะด้านสิ่งแวดล้อม : การประหยัดน้ำ,76,25,487,148,0,0,563,2025-11-01
207-2562,คลอรีนเหลว,0,0,0,0,6,5,6,2025-11-01
208-2566,ตาข่ายลวดเหล็กเคลือบสังกะสี,0,0,0,0,1,1,1,2025-11-01
2083-2544,ผลิตภัณฑ์ทำความสะอาดสำหรับกระเบื้องและเครื่องสุขภัณฑ์เซรามิก ประเภทสารลดแรงตึงผิว,0,0,0,0,1,1,1,2025-11-01
2084-2552,กระบอกฉีดอินซูลินปราศจากเชื้อชนิดใช้ครั้งเดียว,0,0,0,0,1,1,1,2025-11-01
2085-2556,เกลือบริโภคเสริมไอโอดีน,0,0,0,0,1,1,1,2025-11-01
2086-2556,เกลือบริโภคบริสุทธิ์เสริมไอโอดีน,0,0,0,0,2,2,2,2025-11-01
2090-2564,เบียร์,0,0,0,0,1,1,1,2025-11-01
21-2515,เครื่องเงิน,0,0,0,0,2,2,2,2025-11-01
2107-2544,หัวดับเพลิงไม่มีประตูน้ำ,0,0,0,0,2,2,2,2025-11-01
2109 เล่ม 2-2559,ฟิวส์แรงดันไฟฟ้าต่ำ เล่ม 2 คุณลักษณะที่ต้องการเพิ่มเติมสำหรับฟิวส์ที่ใช้โดยบุคคลที่ได้รับอนุญาต (ฟิวส์สำหรับใช้ในงานอุตสาหกรรมเป็นหลัก) - ตัวอย่างของระบบฟิวส์มาตรฐาน A ถึง K,0,0,0,0,4,4,4,2025-11-01
2115-2545,ไม้พื้นอัดซ้อนเคลือบผิวสำเร็จ,0,0,0,0,1,1,1,2025-11-01
2117-2545,ผลิตภัณฑ์ทำความสะอาดเครื่องครัว,0,0,0,0,1,1,1,2025-11-01
2118-2545,ที่รองนั่งและฝาพลาสติกสำหรับโถส้วม,0,0,0,0,1,1,1,2025-11-01
213-2560,คอนกรีตผสมเสร็จ,0,0,0,0,1432,962,1432,2025-11-01
2132-2564,เหล็กแผ่นเคลือบสังกะสีโดยกรรมวิธีจุ่มร้อน และเคลือบสี : แผ่นลอน,0,0,0,0,3,2,3,2025-11-01
2133-2545,ท่อเหล็กกล้าอ่อนเคลือบสังกะสีสำหรับร้อยสายไฟฟ้า,0,0,0,0,1,1,1,2025-11-01
2134-2553,เครื่องปรับอากาศสำหรับห้อง : ประสิทธิภาพพลังงาน,729,39,187,65,0,0,916,2025-11-01
2135-2545,เถ้าลอยจากถ่านหินใช้เป็นวัสดุผสมคอนกรีต,0,0,0,0,1,1,1,2025-11-01
2136-2545,แอนทราไซต์สำหรับกรองน้ำ,0,0,0,0,2,2,2,2025-11-01
2137-2559,เครื่องแบบนักเรียน : ข้อกำหนดทั่วไป,0,0,0,0,14,11,14,2025-11-01
2138-2559,เครื่องแบบนักเรียน : ผ้าเครื่องแบบนักเรียน,0,0,0,0,1,1,1,2025-11-01
214-2560,กระดาษชำระ,0,0,0,0,2,2,2,2025-11-01
2140-2560,เหล็กกล้าทรงแบนรีดเย็น สำหรับงานรถยนต์,36,24,91,33,0,0,127,2025-11-01
2141-2546,อ่างอาบน้ำอะคริลิกเสริมใยแก้ว,0,0,0,0,2,2,2,2025-11-01
2143 เล่ม 1-2567,สายไฟฟ้าแรงดันสูงหุ้มฉนวนและอุปกรณ์ส่วนควบใช้กับแรงดันไฟฟ้าที่กำหนดตั้งแต่ 1 kV ถึงไม่เกิน 30 kV เล่ม 1 สายไฟฟ้าใช้กับแรงดันไฟฟ้าที่กำหนด 1 kV และ 3 kV,0,0,0,0,2,2,2,2025-11-01
2147-2546,ก๊อกน้ำอัตโนมัติสำหรับเครื่องสุขภัณฑ์,0,0,0,0,2,2,2,2025-11-01
2148-2546,ก๊อกน้ำอัตโนมัติสำหรับเครื่องสุขภัณฑ์ เฉพาะด้านสิ่งแวดล้อม : การประหยัดน้ำ,0,0,0,0,1,1,1,2025-11-01
2149-2546,ก๊อกน้ำติดผนังสำหรับห้องน้ำ,0,0,0,0,7,5,7,2025-11-01
2150-2564,พอลิอะลูมิเนียมคลอไรด์ชนิดเหลว,0,0,0,0,8,8,8,2025-11-01
2151-2555,พอลิยูรีเทนเคลือบผิวชนิดแยกส่วนผสมสองส่วนใช้งานทั่วไป,0,0,0,0,3,3,3,2025-11-01
2156-2547,มอดิฟายด์แอสฟัลต์ซีเมนต์สำหรับงานทาง,0,0,0,0,9,7,9,2025-11-01
2157-2547,มอดิฟายด์แอสฟัลต์อิมัลชันสำหรับงานทาง,0,0,0,0,13,8,13,2025-11-01
216-2524,ท่อพีวีซีแข็งสำหรับใช้ร้อยสายไฟฟ้าและสายโทรศัพท์,0,0,0,0,81,38,81,2025-11-01
2165-2561,เคเบิลเส้นใยนำแสง เล่ม 3(10) : เคเบิลภายนอกอาคาร - ข้อกำหนดคุณลักษณะเป็นรายกลุ่ม สำหรับเคเบิลเส้นใยนำแสงโทรคมนาคมชนิดติดตั้งในท่อร้อยสาย ฝังดินโดยตรง และแขวนในอากาศโดยใช้ลวดพัน,5,5,23,18,0,0,28,2025-11-01
2166-2548,เคเบิลเส้นใยนำแสง เล่ม 3-20 : เคเบิลภายนอกอาคาร -ข้อกำหนดคุณลักษณะเป็นรายกลุ่มสำหรับเคเบิลเส้นใยนำแสงโทรคมนาคม แขวนในอากาศรับน้ำหนักตัวเองได้,39,8,237,80,0,0,276,2025-11-01
217-2556,กรดไฮโดรคลอริกสำหรับอุตสาหกรรม,0,0,0,0,7,6,7,2025-11-01
218-2520,อะลูมิเนียมชุบผิว,0,0,0,0,8,6,8,2025-11-01
2186-2561,ตู้เย็นและตู้เย็นแบบมีช่องแช่เยือกแข็งสำหรับใช้ในที่อยู่อาศัย ข้อกำหนดด้านสิ่งแวดล้อม : ประสิทธิภาพพลังงาน,14,10,89,33,0,0,103,2025-11-01
219-2566,แผ่นยิปซัม,0,0,0,0,8,6,8,2025-11-01
2202-2547,สายไฟฟ้าแรงดันสูงหุ้มด้วยฉนวนครอสลิงกด์พอลิเอทิลีน สำหรับแรงดันไฟฟ้าที่กำหนดตั้งแต่ 60 กิโลโวลต์ ถึง 115 กิโลโวลต์,8,5,1,1,0,0,9,2025-11-01
2203-2558,กระจกลวดลาย,0,0,0,0,1,1,1,2025-11-01
221-2558,ซิงก์ออกไซด์สำหรับอุตสาหกรรมทั่วไป,0,0,0,0,1,1,1,2025-11-01
2214-2561,ตู้เย็นและตู้เย็นแบบมีช่องแช่เยือกแข็ง สำหรับใช้ในที่อยู่อาศัย ข้อกำหนดด้านความปลอดภัย,14,10,106,38,0,0,120,2025-11-01
2217-2548,เซลล์และแบตเตอรี่ทุติยภูมิที่มีอิเล็กโทรไลต์แอลคาไลน์หรืออิเล็กโทรไลต์อื่นที่ไม่ใช่กรด สำหรับการใช้งานแบบพกพา เฉพาะด้านความปลอดภัย,10,8,1706,404,0,0,1716,2025-11-01
2223-2565,เหล็กกล้าทรงแบนเคลือบสังกะสี โดยกรรมวิธีทางไฟฟ้า,47,36,70,43,0,0,117,2025-11-01
2224-2548,ผลิตภัณฑ์ขจัดคราบน้ำมัน,0,0,0,0,5,5,5,2025-11-01
2226-2548,แผ่นผนังคอนกรีตสำเร็จรูป,0,0,0,0,3,3,3,2025-11-01
2228-2565,เหล็กกล้าทรงแบนเคลือบอะลูมิเนียม 55% ผสมสังกะสีโดยกรรมวิธีจุ่มร้อน,28,22,101,57,2,2,131,2025-11-01
2234-2557,หลอดมีบัลลาสต์ในตัวสำหรับการให้แสงสว่างทั่วไป - คุณลักษณะที่ต้องการด้านความปลอดภัย,1,1,16,10,0,0,17,2025-11-01
2235-2557,หลอดฟลูออเรสเซนซ์ขั้วเดี่ยว - คุณลักษณะที่ต้องการด้านความปลอดภัย,1,1,8,4,0,0,9,2025-11-01
224-2533,ท่อคอนกรีตไม่เสริมเหล็กสำหรับงานระบายน้ำ,0,0,0,0,8,7,8,2025-11-01
2241-2548,สีเคลือบเงาอะคริลิกเรซิน,0,0,0,0,3,3,3,2025-11-01
2243-2564,เหล็กลวดคาร์บอนสำหรับงานย้ำหัวและงานทุบขึ้นรูปเย็น,0,0,0,0,1,1,1,2025-11-01
225-2562,ไฮโปคลอไรต์,0,0,0,0,13,11,13,2025-11-01
2253-2548,ข้อต่อเหล็กหล่อแกรไฟต์กลมสำหรับท่อส่งน้ำชนิดทนความดัน,0,0,0,0,18,12,18,2025-11-01
2254-2561,สีเท็กซ์เจอร์,0,0,0,0,1,1,1,2025-11-01
2261-2549,เสื้อชั้นในชาย,0,0,0,0,5,5,5,2025-11-01
2274-2549,ผลิตภัณฑ์ฟอกผ้าประเภทเพอร์ออกไซด์,0,0,0,0,1,1,1,2025-11-01
229-2540,อะเซทิลีน,0,0,0,0,1,1,1,2025-11-01
23-2558,บัลลาสต์สำหรับหลอดฟลูออเรสเซนซ์ - คุณลักษณะที่ต้องการด้านความปลอดภัย,3,3,2,2,0,0,5,2025-11-01
2303-2564,แผ่นฉนวนความร้อนใยแร่,0,0,0,0,1,1,1,2025-11-01
2311-2549,ถังบรรจุก๊าซ-ถังทนความดันสูงสำหรับบรรจุก๊าซธรรมชาติที่ใช้เป็นเชื้อเพลิงสำหรับพาหนะรถยนต์,0,0,0,0,5,2,5,2025-11-01
2312-2549,เตาหุงต้มในครัวเรือนใช้กับก๊าซปิโตรเลียมเหลว,0,0,0,0,4,3,4,2025-11-01
2316-2549,เสาเหล็กกล้าเคลือบสังกะสีสำหรับไฟฟ้าแสงสว่าง,0,0,0,0,63,60,63,2025-11-01
2321-2564,สีอิมัลชันทนสภาวะอากาศ,0,0,0,0,36,35,36,2025-11-01
2329-2562,ลูกฟุตซอล,0,0,0,0,4,4,4,2025-11-01
2335-2558,ยานยนต์ประเภท M1 N1 ที่ใช้เครื่องยนต์สันดาปภายใน หรือที่ขับเคลื่อนด้วยไฟฟ้า หรือไฮบริดไฟฟ้า: สารมลพิษคาร์บอนไดออกไซด์ ความสิ้นเปลืองเชื้อเพลิง - พลังงานไฟฟ้า และระยะขับเคลื่อนด้วยไฟฟ้า,0,0,0,0,9,2,9,2025-11-01
2336-2552,มาตรพลังงานไฟฟ้ากระแสสลับ : ข้อกำหนดเฉพาะ มาตรกลไฟฟ้าสำหรับพลังงานไฟฟ้าใช้งาน (ชั้น 0.5 ชั้น 1 และ ชั้น 2),0,0,0,0,27,15,27,2025-11-01
2337-2557,บัลลาสต์สำหรับหลอดฟลูออเรสเซนซ์ : คุณลักษณะที่ต้องการด้านประสิทธิภาพพลังงาน,3,3,4,3,0,0,7,2025-11-01
2341-2564,สายไฟฟ้าอากาศตัวนำอะลูมิเนียมหุ้มฉนวนและเปลือกครอสลิงกด์พอลิเอทิลีน สำหรับแรงดันไฟฟ้าที่กำหนด 25 kV และ 35 kV,0,0,0,0,7,7,7,2025-11-01
2344-2563,สีสังเคราะห์ : สีซัลเฟอร์,1,1,15,11,0,0,16,2025-11-01
2345-2550,ธูป,0,0,0,0,1,1,1,2025-11-01
2346-2566,เสื้อผ้าสำเร็จรูป : ความปลอดภัยจากสีและสารเคมีที่เป็นอันตราย,0,0,0,0,1,1,1,2025-11-01
2356-2550,แผ่นพีวีซีโฟมแข็ง,0,0,0,0,3,3,3,2025-11-01
2357-2550,ท่ออะคริโลไนไทรล์-บิวทาไดอีน-สไตรีน (เอบีเอส) ทนความดัน,0,0,0,0,1,1,1,2025-11-01
236-2548,หลอดฟลูออเรสเซนซ์ขั้วคู่,0,0,0,0,5,2,5,2025-11-01
2369-2551,กรดไนทริกสำหรับอุตสาหกรรม,0,0,0,0,1,1,1,2025-11-01
237-2564,แหวนยางสำหรับท่อน้ำ,0,0,0,0,3,3,3,2025-11-01
2377-2559,แผ่นยางปูพื้น,0,0,0,0,7,7,7,2025-11-01
2378-2559,บล็อกยางปูพื้น,0,0,0,0,2,2,2,2025-11-01
238-2520,ถังน้ำเหล็กอาบสังกะสี,0,0,0,0,1,1,1,2025-11-01
2385-2551,สายต่อใช้ในการแพทย์,0,0,0,0,1,1,1,2025-11-01
2386-2555,สีรองพื้นกันสนิมซิงก์ฟอสเฟต,0,0,0,0,4,4,4,2025-11-01
2387-2555,สีรองพื้นกันสนิม,0,0,0,0,17,16,17,2025-11-01
239-2561,กระดาษเช็ดมือ,0,0,0,0,1,1,1,2025-11-01
2391-2551,สารละลายเฟร์ริกคลอไรด์,0,0,0,0,3,3,3,2025-11-01
2392-2551,เครื่องกรองน้ำดื่ม,0,0,0,0,2,2,2,2025-11-01
24-2559,เหล็กเส้นเสริมคอนกรีต : เหล็กข้ออ้อย,46,37,3,1,0,0,49,2025-11-01
240-2561,กระดาษเช็ดปาก,0,0,0,0,1,1,1,2025-11-01
2424-2565,หน้ากากอนามัยใช้ครั้งเดียว,0,0,0,0,34,33,34,2025-11-01
2425-2560,เครื่องตัดวงจรใช้กระแสเหลือแบบไม่มีอุปกรณ์ป้องกันกระแสเกิน สำหรับใช้ในที่อยู่อาศัยและใช้ในลักษณะที่คล้ายกัน เล่ม 1 หลักเกณฑ์ทั่วไป,2,2,46,37,0,0,48,2025-11-01
2426-2552,เตาเผาไฟฟ้า : แบบความต้านทาน,0,0,0,0,1,1,1,2025-11-01
2432-2555,เต้าเสียบและเต้ารับสำหรับใช้ในที่อยู่อาศัยและงานทั่วไปที่มีจุดประสงค์คล้ายกัน : ชุดสายพ่วง,72,48,122,79,0,0,194,2025-11-01
2434-2552,สายเคเบิลโทรคมนาคม ตัวนำทองแดง หุ้มฉนวนพอลิโอเลฟิน สำหรับการติดตั้งแบบแขวนในอากาศ,8,7,5,2,0,0,13,2025-11-01
2438-2552,ที่นอนโฟมพอลิสไตรีน,0,0,0,0,3,2,3,2025-11-01
2440-2552,เครื่องใช้เหล็กกล้าไร้สนิม: ภาชนะหุงต้มที่มีรอยประสาน,14,10,1,1,0,0,15,2025-11-01
2441-2562,ถังก๊าซปิโตรเลียมเหลว : ถังคอมโพสิต,0,0,0,0,1,1,1,2025-11-01
2461-2565,ตู้น้ำร้อนน้ำเย็นบริโภคและตู้น้ำเย็นบริโภค เฉพาะด้านความปลอดภัย,4,4,7,6,1,1,12,2025-11-01
247-2552,ด้ายเย็บพอลิเอสเทอร์,0,0,0,0,1,1,1,2025-11-01
2477-2552,ถุงฝายยาง,0,0,0,0,2,2,2,2025-11-01
2479-2552,ยางกันเรือกระแทกรูปท่อทรงกระบอกและรูปตัววี,0,0,0,0,2,2,2,2025-11-01
248-2567,ราวเหล็กลูกฟูกกันรถสำหรับทางสัญจร,0,0,0,0,56,56,56,2025-11-01
2480-2562,หน้ากากใช้ครั้งเดียวชนิด N95 ลดความเสี่ยงการติดเชื้อทางการแพทย์,0,0,0,0,3,3,3,2025-11-01
2481-2552,เครื่องขูดหินน้ำลายไฟฟ้า,0,0,0,0,3,3,3,2025-11-01
249-2540,ข้อต่อท่อเหล็กหล่ออบเหนียวต่อด้วยเกลียว,0,0,0,0,8,3,8,2025-11-01
2493 เล่ม 1-2554,ภาชนะพลาสติกบรรจุอาหารสำหรับเตาไมโครเวฟ เล่ม 1 สำหรับการอุ่น,66,64,40,25,0,0,106,2025-11-01
2493 เล่ม 2-2556,ภาชนะพลาสติกบรรจุอาหารสำหรับเตาไมโครเวฟ เล่ม 2 สำหรับการอุ่นครั้งเดียว,117,104,60,37,0,0,177,2025-11-01
2502-2553,พรมทอ,0,0,0,0,1,1,1,2025-11-01
2505-2553,ถุงมือยางที่ใช้ในอุตสาหกรรมอาหาร,0,0,0,0,1,1,1,2025-11-01
2507-2553,ยางกันเรือกระแทกรูปตัวดีและรูปจัตุรัส,0,0,0,0,3,3,3,2025-11-01
2508-2555,กระเบื้องเซรามิก,21,11,1590,197,0,0,1611,2025-11-01
251-2554,ผ้าโปร่งดูดซึม ผ้าพันแผล และผ้าซับ,0,0,0,0,4,4,4,2025-11-01
2514-2564,สีอิมัลชันลดความร้อนจากแสงอาทิตย์,0,0,0,0,12,11,12,2025-11-01
2515-2555,สีเคลือบเงาชนิดน้ำ,0,0,0,0,1,1,1,2025-11-01
2517-2561,หลอดให้สารละลายทางหลอดเลือดแบบมีเข็มนำใช้ครั้งเดียว,0,0,0,0,1,1,1,2025-11-01
2518-2557,ท่ออีพ็อกซีเรซินเสริมใยแก้ว สำหรับใช้ร้อยสายไฟฟ้าและสายโทรศัพท์,0,0,0,0,11,10,11,2025-11-01
2529-2555,สีจราจรชนิดน้ำ,0,0,0,0,8,6,8,2025-11-01
253-2521,แหและอวน : ไนลอนและโพลิเอทิลีน,0,0,0,0,2,1,2,2025-11-01
2532-2563,สีสังเคราะห์ : สีแอซิด,10,10,61,27,0,0,71,2025-11-01
2543-2555,มาตรพลังงานไฟฟ้ากระแสสลับ : ข้อกำหนดเฉพาะ มาตรอิเล็กทรอนิกส์สำหรับพลังงานใช้งาน (ชั้น 1 และชั้น 2),0,0,0,0,44,31,44,2025-11-01
2544-2555,มาตรพลังงานไฟฟ้ากระแสสลับ : ข้อกำหนดเฉพาะ มาตรอิเล็กทรอนิกส์สำหรับพลังงานใช้งาน (ชั้น 0.2S และชั้น 0.5S),0,0,0,0,21,14,21,2025-11-01
2555-2554,รถยนต์ขนาดเล็กที่ใช้เครื่องยนต์แบบจุดระเบิดด้วยประกายไฟที่ใช้ก๊าซธรรมชาติหรือก๊าซปิโตรเลียมเหลวเป็นเชื้อเพลิง เฉพาะด้านความปลอดภัย : สารมลพิษจากเครื่องยนต์ ระดับที่ 1,1,1,0,0,0,0,1,2025-11-01
2559-2554,พอลิเอทิลีนคอมพาวนด์สำหรับผลิตท่อน้ำดื่ม,0,0,0,0,4,3,4,2025-11-01
256-2540,ประตูน้ำเหล็กหล่อ : ลิ้นยกแบบรองลิ้นโลหะสำหรับงานประปา,0,0,0,0,39,19,39,2025-11-01
257-2549,น้ำบริโภค,0,0,0,0,7,5,7,2025-11-01
2573-2555,เครื่องหมายปุ่มบนพื้นทาง : หมุดสะท้อนแสง,0,0,0,0,14,13,14,2025-11-01
258-2521,แหวนรองแบบเรียบ,0,0,0,0,8,7,8,2025-11-01
2594-2567,ปูนซีเมนต์ไฮดรอลิก,17,10,2,2,0,0,19,2025-11-01
2595-2566,ปูนซีเมนต์สำหรับงานก่อและงานฉาบ,0,0,0,0,9,7,9,2025-11-01
2599-2556,ถุงเท้าใช้งานหนัก,0,0,0,0,4,4,4,2025-11-01
2600-2556,กระเบื้องหินขัดชั้นเดียว,0,0,0,0,1,1,1,2025-11-01
2601-2556,คอนกรีตบล็อกมวลเบาแบบเติมฟองอากาศ,0,0,0,0,12,11,12,2025-11-01
2602-2556,กระจกนิรภัยสำหรับยานยนต์,26,13,345,57,0,0,371,2025-11-01
2610-2556,ยูนิตทำฟัน,0,0,0,0,8,7,8,2025-11-01
2611-2556,วัสดุโคลด์พลาสติกสำหรับทำเครื่องหมายบนผิวทาง,0,0,0,0,17,12,17,2025-11-01
2619-2556,กระเบื้องคอนกรีตเสริมประกอบสำหรับมุงหลังคา,0,0,0,0,8,5,8,2025-11-01
2622-2556,ภาชนะและเครื่องใช้โลหะเคลือบฟลูออโรพอลิเมอร์สำหรับอาหาร,2,2,89,56,0,0,91,2025-11-01
2623 เล่ม 2(1)-2560,ลูกถ้วยแขวนในระบบจำหน่ายไฟฟ้า : พอร์ซเลน,0,0,0,0,7,7,7,2025-11-01
2623 เล่ม 2(2)-2560,ลูกถ้วยแขวนในระบบส่งไฟฟ้า : พอร์ซเลน,0,0,0,0,3,3,3,2025-11-01
2623 เล่ม 3-2563,ลูกถ้วยไฟฟ้า เล่ม 3 ลูกถ้วยล้อ: พอร์ซเลน,0,0,0,0,10,10,10,2025-11-01
2623 เล่ม 4-2563,ลูกถ้วยไฟฟ้า เล่ม 4 : ลูกถ้วยยึดโยง: พอร์ซเลน,0,0,0,0,5,5,5,2025-11-01
2623 เล่ม 7(1)-2564,ลูกถ้วยไฟฟ้า เล่ม 7(1) ลูกถ้วยหลักรับสายไฟฟ้า : พอร์ซเลน,0,0,0,0,11,11,11,2025-11-01
2623 เล่ม 7(2)-2564,ลูกถ้วยไฟฟ้า เล่ม 7(2) ลูกถ้วยหลักก้านตรงรับสายไฟฟ้า : พอร์ซเลน,0,0,0,0,8,8,8,2025-11-01
2623 เล่ม 9-2564,ลูกถ้วยไฟฟ้า เล่ม 9 ลูกถ้วยหลักรับอุปกรณ์: พอร์ซเลน,0,0,0,0,7,7,7,2025-11-01
2625-2557,สีเคลือบแอลคีด : เฉพาะด้านความปลอดภัย,64,60,1,1,0,0,65,2025-11-01
2662-2557,สีพ่นยานยนต์พอลิยูรีเทนชนิดแยกส่วนผสมสองส่วน : สีพื้นรองทับหน้า,0,0,0,0,8,8,8,2025-11-01
2663-2557,สีพ่นยานยนต์พอลิยูรีเทนชนิดแยกส่วนผสมสองส่วน : สีทับหน้า,0,0,0,0,9,9,9,2025-11-01
2664-2557,สารเคลือบเงาพอลิยูรีเทนชนิดแยกส่วนผสมสองส่วนสำหรับยานยนต์,0,0,0,0,11,11,11,2025-11-01
2667-2558,แผ่นยางรองรางรถไฟ,0,0,0,0,1,1,1,2025-11-01
2668-2558,ยางล้อตันสำหรับรถฟอร์กลิฟต์,0,0,0,0,3,3,3,2025-11-01
2676-2558,ท่อเหล็กกล้าไร้สนิมออสเทไนต์สำหรับใช้งานทั่วไป,0,0,0,0,2,2,2,2025-11-01
2682-2563,เม็ดยางใช้ทำพื้นสังเคราะห์,0,0,0,0,6,5,6,2025-11-01
2683-2563,พื้นสังเคราะห์,0,0,0,0,14,12,14,2025-11-01
2685-2558,แผ่นอะคริลิกใช้งานทั่วไป : แผ่นหล่อต่อเนื่อง,0,0,0,0,1,1,1,2025-11-01
2689-2558,ท่อเหล็กกล้าไร้สนิมออสเทไนต์สำหรับโครงสร้างงานตกแต่ง,0,0,0,0,5,5,5,2025-11-01
27-2543,ถังก๊าซปิโตรเลียมเหลว,11,8,0,0,0,0,11,2025-11-01
2701-2559,ซีเมนต์ไฮดรอลิกเกร้าต์,0,0,0,0,4,4,4,2025-11-01
2703-2566,กาวซีเมนต์,0,0,0,0,19,16,19,2025-11-01
2706-2559,มอร์ตาร์สำหรับก่อคอนกรีตบล็อกมวลเบา,0,0,0,0,15,10,15,2025-11-01
2707-2560,ถังก๊าซ - ถังอะลูมิเนียมเจือมีรอยเชื่อมประเภทบรรจุก๊าซซ้ำ - การออกแบบ การสร้าง และการทดสอบ,0,0,0,0,1,1,1,2025-11-01
271-2563,บะหมี่กึ่งสำเร็จรูป,0,0,0,0,2,1,2,2025-11-01
2718-2560,ยางล้อแบบสูบลมสำหรับรถยนต์และส่วนพ่วง,20,17,590,100,0,0,610,2025-11-01
2719-2560,ยางล้อแบบสูบลม สำหรับรถยนต์เชิงพาณิชย์และส่วนพ่วง,24,20,420,116,0,0,444,2025-11-01
272-2564,สีอิมัลชันใช้งานทั่วไป,0,0,0,0,30,29,30,2025-11-01
2720-2560,ยางล้อแบบสูบลมสำหรับรถจักรยานยนต์และโมเปด,21,18,150,66,0,0,171,2025-11-01
2721-2560,ยางล้อสูบลม : ข้อกำหนดด้านเสียงจากยางล้อที่สัมผัสผิวถนน การยึดเกาะถนนบนพื้นเปียก และความต้านทานการหมุน,26,20,736,154,0,0,762,2025-11-01
2731-2559,แอสฟัลต์ซีเมนต์ปรับปรุงคุณภาพด้วยยางธรรมชาติ,0,0,0,0,12,9,12,2025-11-01
2733-2559,น้ำยางคอมพาวด์เคลือบผ้าปูสระกักเก็บน้ำ,0,0,0,0,2,2,2,2025-11-01
2735-2559,มอร์ตาร์สำหรับฉาบคอนกรีตมวลเบา,0,0,0,0,17,12,17,2025-11-01
2737-2559,กระจกอบแข็งด้วยความร้อน,0,0,0,0,4,4,4,2025-11-01
274-2565,แป้งมันสำปะหลัง,0,0,0,0,1,1,1,2025-11-01
2753-2567,เหล็กกล้าทรงแบนเคลือบอะลูมิเนียม 55% ผสมสังกะสี โดยกรรมวิธีจุ่มร้อนและเคลือบสี,0,0,0,0,4,4,4,2025-11-01
276-2562,ท่อเหล็กกล้าคาร์บอนชนิดทนความดัน,0,0,0,0,12,9,12,2025-11-01
2762-2559,ลูกถ้วยแยกสายไฟฟ้าพอร์ซเลนชนิดเคลือบเซรามิกพร้อมพอลิเมอร์ยึดสายไฟฟ้า,0,0,0,0,2,2,2,2025-11-01
2764-2559,ท่อลอนพอลิเอทิลีนเสริมเหล็ก,0,0,0,0,2,2,2,2025-11-01
2773-2560,รถตัดอ้อย,0,0,0,0,2,2,2,2025-11-01
2774-2560,กำมะถันสำหรับอุตสาหกรรมยาง,0,0,0,0,2,2,2,2025-11-01
2779-2562,หลอดแอลอีดีขั้วคู่ที่ออกแบบเพื่อเปลี่ยนทดแทนหลอดฟลูออเรสเซนซ์ชนิดตรง-คุณลักษณะที่ต้องการด้านความปลอดภัย,14,14,135,98,0,0,149,2025-11-01
2780-2562,หลอดแอลอีดีมีบัลลาสต์ในตัวสำหรับการให้แสงสว่างทั่วไป ด้วยแรงดันไฟฟ้ามากกว่า 50 V - คุณลักษณะที่ต้องการด้านความปลอดภัย,11,11,181,119,0,0,192,2025-11-01
279-2525,ลูกถ้วยก้านตรง : ปอร์ซเลน,0,0,0,0,2,1,2,2025-11-01
2817-2562,เหล็กโครงสร้างรูปพรรณขึ้นรูปเย็นเคลือบโลหะ สำหรับงานโครงสร้างทั่วไป,0,0,0,0,12,12,12,2025-11-01
2821-2560,พอลิอะลูมิเนียมคลอไรด์ชนิดผง,0,0,0,0,1,1,1,2025-11-01
284-2560,อะลูมิเนียมเจืออัดรีดขึ้นรูป,0,0,0,0,24,22,24,2025-11-01
287-2565,กระดาษพิมพ์และเขียน,0,0,0,0,3,3,3,2025-11-01
2879-2560,แบตเตอรี่สำรองไฟฟ้าสำหรับการใช้งานแบบพกพา - คุณลักษณะที่ต้องการด้านความปลอดภัย,12,10,171,109,0,0,183,2025-11-01
2892-2563,ซีเมนต์ยาแนวสำหรับกระเบื้องเซรามิก,0,0,0,0,1,1,1,2025-11-01
2895-2564,คอนกรีตบล็อกเชิงตันไม่รับน้ำหนัก,0,0,0,0,5,5,5,2025-11-01
2900-2561,แท่นพลาสติกกั้นจราจร,0,0,0,0,2,1,2,2025-11-01
291 เล่ม 1-2530,สลักเกลียวหัวหกเหลี่ยม เล่ม 1 ผลิตภัณฑ์ขั้น A และ B,0,0,0,0,1,1,1,2025-11-01
2915-2561,รถจักรยานยนต์เฉพาะด้านความปลอดภัย - สารมลพิษจากเครื่องยนต์ ระดับที่ 7,30,19,39,14,0,0,69,2025-11-01
2916-2561,ยางมะตอยผสมสำเร็จ,0,0,0,0,4,4,4,2025-11-01
2917-2561,ท่อพอลิเอทิลีนผนังโครงสร้างแบบเรียบสำหรับงานท่อใต้ดิน,0,0,0,0,2,2,2,2025-11-01
2919-2561,คอนกรีตผสมเสร็จสำหรับสภาพแวดล้อมทางทะเล,0,0,0,0,11,10,11,2025-11-01
2921-2562,ภาชนะและเครื่องใช้เมลามีน-ฟอร์แมลดีไฮด์ ยูเรีย-ฟอร์แมลดีไฮด์ และเมลามีน-ยูเรีย-ฟอร์แมลดีไฮด์ สำหรับอาหาร: เฉพาะด้านความปลอดภัย,12,12,32,29,0,0,44,2025-11-01
293-2541,สายไฟฟ้าอะลูมิเนียมหุ้มด้วยฉนวนโพลิไวนิลคลอไรด์,41,32,8,5,0,0,49,2025-11-01
2948-2562,กระดาษสัมผัสอาหาร,0,0,0,0,7,7,7,2025-11-01
2952-2561,ยานยนต์ประเภท L : คุณลักษณะเฉพาะสำหรับระบบส่งกำลังด้วยไฟฟ้า,0,0,0,0,2,2,2,2025-11-01
2959-2562,เทอร์โมฟอร์มิงรับเบอร์,0,0,0,0,1,1,1,2025-11-01
2973-2562,พอลิเมอร์เสริมเส้นใย สำหรับงานโครงสร้างคอนกรีตไม่อัดแรง,0,0,0,0,2,2,2,2025-11-01
2979-2562,ยางล้อแบบสูบลมหล่อดอกซ้ำ สำหรับยานยนต์เชิงพาณิชย์และส่วนพ่วง,39,39,0,0,0,0,39,2025-11-01
2981-2567,เหล็กกล้าทรงแบนเคลือบสังกะสีผสมอะลูมิเนียม 5% ขึ้นไป และแมกนีเซียม 2% ขึ้นไป โดยกรรมวิธีจุ่มร้อน,0,0,0,0,1,1,1,2025-11-01
2982-2562,เหล็กกล้าทรงแบนรีดร้อนที่ต้านการกัดกร่อนในบรรยากาศ สำหรับงานโครงสร้างเชื่อมประกอบ,0,0,0,0,3,3,3,2025-11-01
2984-2562,ตู้น้ำดื่มหยอดเหรียญอัตโนมัติ,0,0,0,0,1,1,1,2025-11-01
3-2562,น้ำปลา,0,0,0,0,5,4,5,2025-11-01
30-2564,ไนทรัสออกไซด์ทางการแพทย์,4,4,0,0,0,0,4,2025-11-01
3000 เล่ม 1-2562,เครื่องเล่นสนามสาธารณะ เล่ม 1 ชิงช้า ข้อกำหนดเฉพาะเพิ่มเติมด้านความปลอดภัยและวิธีทดสอบ,8,8,8,7,0,0,16,2025-11-01
3000 เล่ม 2-2562,เครื่องเล่นสนามสาธารณะ เล่ม 2 กระดานลื่น ข้อกำหนดเฉพาะเพิ่มเติมด้านความปลอดภัย และวิธีทดสอบ,8,8,9,7,0,0,17,2025-11-01
3000 เล่ม 3-2563,เครื่องเล่นสนามสาธารณะ เล่ม 3 ม้าหมุน,7,7,9,8,0,0,16,2025-11-01
3000 เล่ม 4-2563,เครื่องเล่นสนามสาธารณะ เล่ม 4 อุปกรณ์โยก,8,8,12,10,0,0,20,2025-11-01
3002-2562,อุปกรณ์ควบคุมหลอด - คุณลักษณะที่ต้องการเฉพาะสำหรับอุปกรณ์ควบคุมอิเล็กทรอนิกส์ ที่ใช้แหล่งจ่ายไฟฟ้ากระแสตรงหรือไฟฟ้ากระแสสลับสำหรับมอดูลแอลอีดี,0,0,0,0,1,1,1,2025-11-01
3017-2563,รถยนต์ขนาดเล็กที่ใช้เครื่องยนต์แบบจุดระเบิดด้วยประกายไฟ เฉพาะด้านความปลอดภัย : สารมลพิษจากเครื่องยนต์ ระดับที่ 10,10,9,46,20,1,1,57,2025-11-01
3018-2563,รถยนต์ขนาดเล็กที่ใช้เครื่องยนต์แบบจุดระเบิดด้วยการอัด เฉพาะด้านความปลอดภัย : สารมลพิษจากเครื่องยนต์ ระดับที่ 8,11,9,15,7,0,0,26,2025-11-01
3024 เล่ม 1-2563,ส่วนประกอบระบบป้องกันฟ้าผ่า (LPSC) เล่ม 1 คุณลักษณะที่ต้องการสำหรับส่วนประกอบเชื่อมต่อ,0,0,0,0,1,1,1,2025-11-01
3024 เล่ม 2-2563,ส่วนประกอบระบบป้องกันฟ้าผ่า (LPSC) เล่ม 2 คุณลักษณะที่ต้องการสำหรับตัวนำและหลักดิน,0,0,0,0,2,1,2,2025-11-01
3024 เล่ม 4-2563,ส่วนประกอบระบบป้องกันฟ้าผ่า (LPSC) เล่ม 4 คุณลักษณะที่ต้องการสำหรับตัวยึดตัวนำ,0,0,0,0,1,1,1,2025-11-01
3024 เล่ม 5-2564,ส่วนประกอบระบบป้องกันฟ้าผ่า (LPSC) เล่ม 5 คุณลักษณะที่ต้องการสำหรับกล่องตรวจสอบหลักดินและซีลหลักดิน,0,0,0,0,2,2,2,2025-11-01
3026-2563,ยานยนต์ประเภท M และ N: คุณลักษณะเฉพาะสำหรับระบบส่งกำลังด้วยไฟฟ้า,0,0,0,0,2,1,2,2025-11-01
3029-2563,มอร์ตาร์ควบคุมการกัดกร่อนของเหล็กโครงสร้างในคอนกรีต,0,0,0,0,3,2,3,2025-11-01
3030-2563,เครื่องตรวจวัดฝุ่นละอองลอยหลักการไฟฟ้าสถิต,0,0,0,0,1,1,1,2025-11-01
3043-2563,รถยนต์ขนาดใหญ่ที่ใช้เครื่องยนต์แบบจุดระเบิดด้วยประกายไฟที่ใช้ก๊าซธรรมชาติหรือก๊าซปิโตรเลียมเหลวเป็นเชื้อเพลิง เฉพาะด้านความปลอดภัย : สารมลพิษจากเครื่องยนต์ ระดับที่ 3,0,0,8,7,0,0,8,2025-11-01
3046-2563,รถยนต์ขนาดใหญ่ที่ใช้เครื่องยนต์แบบจุดระเบิดด้วยการอัด เฉพาะด้านความปลอดภัย : สารมลพิษจากเครื่องยนต์ ระดับที่ 6,8,8,50,31,0,0,58,2025-11-01
3056-2563,มอร์ตาร์ฉาบผิวบาง,0,0,0,0,13,13,13,2025-11-01
306-2541,วงล้อรถจักรยานยนต์,0,0,0,0,1,1,1,2025-11-01
3078-2563,มาตรวัดน้ำ,0,0,0,0,4,4,4,2025-11-01
310-2522,ท่อเหล็กกล้าสำหรับทำรถจักรยาน,0,0,0,0,2,1,2,2025-11-01
3173-2564,สารสกัดจากกัญชงที่มีปริมาณแคนนาบิไดออลรวม ไม่น้อยกว่า 80% โดยมวล,0,0,0,0,2,2,2,2025-11-01
319 เล่ม 2-2551,ปูนไลม์อุตสาหกรรม เล่ม 2 ปูนขาว,0,0,0,0,1,1,1,2025-11-01
3202-2564,คอนกรีตแห้งสำเร็จรูป,0,0,0,0,5,4,5,2025-11-01
3209-2564,เครื่องยนต์แก๊สโซลีนขนาดเล็กระบายความร้อนด้วยอากาศ,0,0,0,0,1,1,1,2025-11-01
321-2560,กระดาษทำลูกฟูก,0,0,0,0,7,6,7,2025-11-01
324-2522,ซี่ล้อรถจักรยานยนต์,0,0,0,0,1,1,1,2025-11-01
3243-2564,เหล็กกล้าทรงแบนรีดร้อนเคลือบสังกะสีโดยกรรมวิธีจุ่มร้อน,30,21,63,40,0,0,93,2025-11-01
3246-2564,ไนโตรเจนทางการแพทย์,0,0,0,0,6,2,6,2025-11-01
3250-2564,ตัวแยกสายชนิดพอลิเมอร์พร้อมอุปกรณ์จับยึดสายไฟฟ้า,0,0,0,0,6,6,6,2025-11-01
327-2553,สีเคลือบเงาแอลคีด,0,0,0,0,31,26,31,2025-11-01
328-2551,สีอะลูมิเนียมรองพื้นสำหรับงานไม้,0,0,0,0,2,2,2,2025-11-01
3286-2564,ลวดชุบแข็งและอบคืนตัวสำหรับคอนกรีตอัดแรง,1,1,0,0,1,1,2,2025-11-01
329-2542,ผลิตภัณฑ์ทำความสะอาดประเภทกรดสำหรับกระเบื้องและเครื่องสุขภัณฑ์เซรามิก,0,0,0,0,1,1,1,2025-11-01
331-2561,อะลูมิเนียมทรงแบนรีดเย็น สำหรับงานทั่วไปและงานขึ้นรูป,0,0,0,0,2,2,2,2025-11-01
332-2537,เครื่องดับเพลิงยกหิ้วชนิดผงเคมีแห้ง,120,27,16,9,0,0,136,2025-11-01
334-2528,โซ่รถจักรยานยนต์,0,0,0,0,4,3,4,2025-11-01
3357-2565,เสาเข็มเหล็กกล้าแบบเกลียว,0,0,0,0,1,1,1,2025-11-01
3359-2565,อะลูมิเนียมกันกร่อนสำหรับป้องกันสนิมแบบแคโทดิก,0,0,0,0,1,1,1,2025-11-01
337-2545,กลีเซอรีนบริสุทธิ์,0,0,0,0,2,2,2,2025-11-01
3399-2565,น้ำยางคอมพาวนด์สำหรับปรับคุณภาพดินซีเมนต์,0,0,0,0,2,2,2,2025-11-01
340-2528,ท่อไอเสียรถยนต์,0,0,0,0,1,1,1,2025-11-01
341-2543,ท่อไอเสียรถจักรยานยนต์,54,42,39,16,0,0,93,2025-11-01
3412-2565,ถังก๊าซปิโตรเลียมเหลวสำหรับรถโฟล์คลิฟท์: ถังโลหะ,0,0,0,0,4,3,4,2025-11-01
3413-2565,ลูกบอลดับเพลิงอัตโนมัติ,0,0,0,0,1,1,1,2025-11-01
3426-2565,เสาเข็มคอนกรีตกำลังสูงอัดแรงแบบแรงเหวี่ยง,0,0,0,0,1,1,1,2025-11-01
3438-2565,กระดาษสัมผัสอาหารสำหรับปรุงอาหารด้วยความร้อน,0,0,0,0,1,1,1,2025-11-01
344-2562,ขั้วรับหลอดฟลูออเรสเซนซ์และขั้วรับสตาร์ตเตอร์,6,6,6,6,0,0,12,2025-11-01
3459-2565,โซ่เหล็กกล้า,0,0,0,0,1,1,1,2025-11-01
3460-2565,เชื้อเพลิงขยะ,0,0,0,0,2,1,2,2025-11-01
348-2559,เหล็กลวดคาร์บอนต่ำ,9,8,2,2,0,0,11,2025-11-01
349-2561,เหล็กลวดคาร์บอนสูง,0,0,0,0,2,2,2,2025-11-01
351-2527,โซ่รถจักรยาน,0,0,0,0,1,1,1,2025-11-01
353-2566,ตู้เหล็กใช้ในสำนักงานแบบประตู,0,0,0,0,5,5,5,2025-11-01
3554-2566,ปั๊มไฮดรอลิกแบบใบพัดสำหรับอุตสาหกรรมทั่วไป,0,0,0,0,1,1,1,2025-11-01
356-2531,น้ำมันเครื่อง,0,0,0,0,4,1,4,2025-11-01
357-2551,สีรองพื้นสำหรับงานไม้,0,0,0,0,4,3,4,2025-11-01
3584-2566,ผนังกระจก,0,0,0,0,1,1,1,2025-11-01
3586-2566,แผ่นพีวีซีมุงหลังคา,0,0,0,0,1,1,1,2025-11-01
3606-2566,เครื่องจักรผสมวัตถุระเบิดแอนโฟสำหรับใช้ในงานอุตสาหกรรม,0,0,0,0,1,1,1,2025-11-01
365-2532,ตะกั่วบัดกรี : แท่ง,0,0,0,0,2,2,2,2025-11-01
3656-2566,กล่องลวดตาข่าย,0,0,0,0,8,8,8,2025-11-01
366-2547,เตารีดไฟฟ้า เฉพาะด้านความปลอดภัย,39,21,304,68,0,0,343,2025-11-01
368-2562,หมวกนิรภัยสำหรับงานอุตสาหกรรม,0,0,0,0,14,14,14,2025-11-01
369-2557,หมวกนิรภัยสำหรับผู้ใช้รถจักรยานยนต์,28,26,108,55,0,0,136,2025-11-01
370-2552,ถังก๊าซปิโตรเลียมเหลวสำหรับเครื่องยนต์สันดาปภายใน,23,5,13,4,0,0,36,2025-11-01
371-2530,แคตอิออนิกแอสฟัลต์อิมัลชันสำหรับถนน,0,0,0,0,30,9,30,2025-11-01
3778 เล่ม 1-2567,บันไดเลื่อน และทางเลื่อนอัตโนมัติ ข้อกำหนดด้านความปลอดภัย เล่ม 1 ข้อกำหนดสากลด้านความปลอดภัยที่จำเป็น (GESR),1,1,6,6,0,0,7,2025-11-01
378-2531,กระเบื้องคอนกรีตปูพื้น,0,0,0,0,43,36,43,2025-11-01
379-2556,กระเบื้องหินขัดชนิดสองชั้น,0,0,0,0,4,4,4,2025-11-01
382-2531,ประตูน้ำเหล็กหล่อ : ลิ้นปีกผีเสื้อ,0,0,0,0,34,15,34,2025-11-01
383-2529,ประตูน้ำเหล็กหล่อ : ลิ้นกันกลับชนิดแกว่ง,0,0,0,0,29,14,29,2025-11-01
384 เล่ม 1-2567,หม้อแปลงไฟฟ้ากำลัง เล่ม 1 ข้อกำหนดทั่วไป,0,0,0,0,17,16,17,2025-11-01
386-2567,เทปกาวพลาสติกไซซ์พอลิไวนิลคลอไรด์สำหรับใช้ในงานทางไฟฟ้า,0,0,0,0,1,1,1,2025-11-01
396-2549,เสาเข็มคอนกรีตเสริมเหล็กอัดแรงหล่อสำเร็จ,0,0,0,0,609,351,609,2025-11-01
397-2562,เสาเข็มคอนกรีตเสริมเหล็กแบบแรงเหวี่ยง,0,0,0,0,13,12,13,2025-11-01
398-2563,เสาเข็มคอนกรีตอัดแรงแบบแรงเหวี่ยง,0,0,0,0,18,10,18,2025-11-01
399-2565,เสาเข็มคอนกรีตเสริมเหล็กขนาดสั้น,0,0,0,0,9,9,9,2025-11-01
4 เล่ม 1-2558,หลอดไฟฟ้าไส้ทังสเตนสำหรับใช้ในที่อยู่อาศัยและที่มีจุดประสงค์ให้แสงสว่างทั่วไปที่คล้ายกัน เล่ม 1 คุณลักษณะที่ต้องการด้านความปลอดภัย,2,2,4,4,0,0,6,2025-11-01
400-2566,เส้นหมี่,0,0,0,0,1,1,1,2025-11-01
402-2532,แคลเซียมคาร์บอเนตสำหรับอุตสาหกรรมยาง,0,0,0,0,1,1,1,2025-11-01
403-2532,แคลเซียมคาร์บอเนตสำหรับอุตสาหกรรมสีและพลาสติก,0,0,0,0,2,2,2,2025-11-01
404-2540,ลวดเหล็กกล้าเคลือบสังกะสีตีเกลียว,0,0,0,0,27,12,27,2025-11-01
408-2553,ทองแดงและทองแดงเจือสำหรับจุดประสงค์ทั่วไปทางไฟฟ้า : เส้น และแท่ง,3,3,3,1,0,0,6,2025-11-01
41-2554,กรดซัลฟิวริกเข้มข้นและโอเลียมสำหรับอุตสาหกรรม,0,0,0,0,11,11,11,2025-11-01
415-2551,สีจราจร,0,0,0,0,20,16,20,2025-11-01
418-2525,โซ่ส่งกำลัง,0,0,0,0,1,1,1,2025-11-01
420-2540,ลวดเหล็กกล้าตีเกลียวสำหรับคอนกรีตอัดแรง,10,8,32,19,0,0,42,2025-11-01
426-2525,ผ้าใบไวนิลอนชนิดเคลือบพีวีซี,0,0,0,0,1,1,1,2025-11-01
427-2562,ท่อเหล็กกล้าสำหรับส่งน้ำ,0,0,0,0,17,14,17,2025-11-01
431-2567,ประตูน้ำทองแดงเจือแบบลิ้นยก,0,0,0,0,1,1,1,2025-11-01
432-2529,ประตูน้ำเหล็กหล่อแบบลิ้นยกสำหรับใช้งานทั่วไป,0,0,0,0,15,11,15,2025-11-01
435-2548,ถังเก็บน้ำพลาสติกเสริมใยแก้ว,0,0,0,0,27,19,27,2025-11-01
436-2525,ตู้เหล็กเก็บบัตรดัชนี,0,0,0,0,2,1,2,2025-11-01
437-2529,ตู้นิรภัยกันไฟแบบประตู,0,0,0,0,31,8,31,2025-11-01
438-2556,ถุงเท้าใช้งานทั่วไป,0,0,0,0,3,3,3,2025-11-01
439-2556,ถุงเท้านักเรียน,0,0,0,0,3,3,3,2025-11-01
442-2525,แผ่นฝอยไม้ซีเมนต์อัดชนิดใช้งานทั่วไป,0,0,0,0,1,1,1,2025-11-01
444-2549,วุ้นเส้น,0,0,0,0,3,2,3,2025-11-01
45-2552,ยาสีฟัน,0,0,0,0,1,1,1,2025-11-01
463-2544,สารละลายซอร์บิทอล,0,0,0,0,1,1,1,2025-11-01
464-2544,กรดซิทริก,0,0,0,0,2,2,2,2025-11-01
468-2550,ไวต์สปิริตสำหรับสีและวาร์นิช,0,0,0,0,7,6,7,2025-11-01
469-2561,สีซีเมนต์,0,0,0,0,2,2,2,2025-11-01
47-2561,น้ำมันและไขมันสำหรับบริโภค,0,0,0,0,2,2,2,2025-11-01
470-2526,น้ำผึ้ง,0,0,0,0,2,2,2,2025-11-01
474-2542,ผลิตภัณฑ์ทำความสะอาดประเภทเหลวสำหรับถ้วยชาม,0,0,0,0,2,1,2,2025-11-01
479-2541,วัสดุยารอยต่อคอนกรีตแบบยืดหยุ่นชนิดเทร้อน,0,0,0,0,7,6,7,2025-11-01
486-2527,ใยแก้ว,0,0,0,0,2,2,2,2025-11-01
49-2560,ลวดเชื่อมไฟฟ้ามีสารพอกหุ้มใช้เชื่อมเหล็กกล้าไม่เจือและเกรนละเอียดด้วยการเชื่อมอาร์กโลหะด้วยมือ,0,0,0,0,7,6,7,2025-11-01
496-2553,ทินเนอร์สำหรับแล็กเกอร์,22,21,0,0,0,0,22,2025-11-01
50-2565,เหล็กกล้าทรงแบนรีดเย็นเคลือบสังกะสีโดยกรรมวิธีจุ่มร้อน,62,50,154,77,0,0,216,2025-11-01
504-2527,วงกบและกรอบบานไม้สำหรับประตูและหน้าต่าง,0,0,0,0,2,1,2,2025-11-01
507-2527,ฟิวส์สำหรับใช้ในที่อยู่อาศัยและงานที่คล้ายคลึงกัน : ตัวยึดฟิวส์,0,0,0,0,3,2,3,2025-11-01
51-2562,สับปะรดในภาชนะบรรจุปิดสนิท,21,20,2,2,0,0,23,2025-11-01
514-2531,เชือกลวดเหล็กกล้า,0,0,0,0,23,4,23,2025-11-01
517-2558,ขวดพลาสติกสำหรับบรรจุยาเม็ดและแคปซูล,0,0,0,0,1,1,1,2025-11-01
518-2527,ตู้เหล็กเก็บเอกสารกันไฟแบบลิ้นชัก,0,0,0,0,4,3,4,2025-11-01
520-2553,ทินเนอร์สำหรับสีพ่นแห้งเร็วไนโตรเซลลูโลส,12,12,0,0,0,0,12,2025-11-01
521-2527,กาวยาง,0,0,0,0,7,7,7,2025-11-01
523-2564,รองเท้าหนังนิรภัย,0,0,0,0,10,10,10,2025-11-01
528-2560,เหล็กกล้าทรงแบนรีดร้อน สำหรับงานทั่วไปและงานดึงขึ้นรูป,77,61,249,83,0,0,326,2025-11-01
53-2548,ไม้ขีดไฟ,2,2,8,5,0,0,10,2025-11-01
531-2558,ภาชนะพลาสติกสำหรับบรรจุผลิตภัณฑ์เภสัชปราศจากเชื้อ,16,14,2,1,0,0,18,2025-11-01
535-2556,กระเบื้องคอนกรีตมุงหลังคา,0,0,0,0,15,6,15,2025-11-01
538-2560,ถุงมือยางปราศจากเชื้อสำหรับการศัลยกรรมชนิดใช้ครั้งเดียว,0,0,0,0,4,4,4,2025-11-01
539-2564,คาร์บอนไดออกไซด์ทางการแพทย์,4,3,0,0,0,0,4,2025-11-01
540-2564,ออกซิเจนทางการแพทย์,114,98,0,0,0,0,114,2025-11-01
541-2562,ออกซิเจนอุตสาหกรรม,0,0,0,0,16,10,16,2025-11-01
542-2549,วัสดุเทอร์โมพลาสติกสะท้อนแสงสำหรับทำเครื่องหมายบนผิวทาง,0,0,0,0,58,57,58,2025-11-01
543-2550,ลูกแก้วที่ใช้กับวัสดุทำเครื่องหมายบนผิวทาง,0,0,0,0,24,21,24,2025-11-01
545-2528,กระดาษคาร์บอน,0,0,0,0,9,4,9,2025-11-01
547-2541,อิฐทนไฟไฟร์เคลย์,0,0,0,0,3,2,3,2025-11-01
548-2541,อิฐทนไฟอะลูมินาสูง,0,0,0,0,2,2,2,2025-11-01
55-2562,เหล็กเส้นแบนและสี่เหลี่ยมจัตุรัส,0,0,0,0,3,2,3,2025-11-01
56-2560,น้ำตาลทราย,0,0,0,0,48,42,48,2025-11-01
561-2549,สีแล็กเกอร์ไนโตรเซลลูโลส,0,0,0,0,7,7,7,2025-11-01
562-2549,แล็กเกอร์ใสไนโตรเซลลูโลส,0,0,0,0,5,5,5,2025-11-01
564-2546,ภาชนะเซรามิกที่ใช้กับอาหาร : พอร์ซเลน,0,0,0,0,1,1,1,2025-11-01
568-2563,คาร์บอนไดออกไซด์อุตสาหกรรม,0,0,0,0,2,2,2,2025-11-01
57-2560,คอนกรีตบล็อกกลวงรับน้ำหนัก,0,0,0,0,14,13,14,2025-11-01
572-2528,พัดลมไฟฟ้ากระแสสลับชนิดส่ายรอบตัว,0,0,0,0,5,4,5,2025-11-01
576-2546,แผ่นคอนกรีตเสริมเหล็กอัดแรงหล่อสำเร็จสำหรับระบบพื้นคอนกรีต,0,0,0,0,80,59,80,2025-11-01
58-2560,คอนกรีตบล็อกกลวงไม่รับน้ำหนัก,0,0,0,0,63,60,63,2025-11-01
59-2561,อิฐคอนกรีต,0,0,0,0,3,3,3,2025-11-01
593-2562,ประตูเหล็กม้วนสำหรับงานอาคาร,0,0,0,0,9,9,9,2025-11-01
596-2531,กลอน : ทองเหลืองและอะลูมิเนียมชนิดอัดรีด,0,0,0,0,5,3,5,2025-11-01
598-2566,มอร์ตาร์สำหรับก่อ,0,0,0,0,12,7,12,2025-11-01
6 เล่ม 1-2559,แบตเตอรี่ใช้สตาร์ต ชนิดตะกั่ว-กรด เล่ม 1 คุณลักษณะที่ต้องการทั่วไปและวิธีทดสอบ,0,0,0,0,1,1,1,2025-11-01
60-2560,คอนกรีตบล็อกเชิงตันรับน้ำหนัก,0,0,0,0,4,4,4,2025-11-01
603-2546,ภาชนะแก้วที่ใช้กับอาหาร,0,0,0,0,1,1,1,2025-11-01
60335 เล่ม 2(13)-2564,ความปลอดภัยของเครื่องใช้ไฟฟ้าสำหรับใช้ในที่อยู่อาศัยและเครื่องใช้ไฟฟ้าอื่นที่คล้ายกัน เล่ม 2(13) ข้อกำหนดเฉพาะสำหรับเครื่องทอดน้ำมันท่วม กระทะทอด และเครื่องใช้ไฟฟ้าอื่นที่คล้ายกัน,5,5,4,4,0,0,9,2025-11-01
60335 เล่ม 2(23)-2564,ความปลอดภัยของเครื่องใช้ไฟฟ้าสำหรับใช้ในที่อยู่อาศัยและเครื่องใช้ไฟฟ้าอื่นที่คล้ายกัน เล่ม 2(23) ข้อกำหนดเฉพาะเครื่องใช้ไฟฟ้าสำหรับการดูแลผม ขน หรือผิว,1,1,39,22,0,0,40,2025-11-01
60335 เล่ม 2(32)-2564,ความปลอดภัยของเครื่องใช้ไฟฟ้าสำหรับใช้ในที่อยู่อาศัยและเครื่องใช้ไฟฟ้าอื่นที่คล้ายกัน เล่ม 2(32) ข้อกำหนดเฉพาะสำหรับเครื่องนวดร่างกาย,0,0,85,41,0,0,85,2025-11-01
60335 เล่ม 2(37)-2564,ความปลอดภัยของเครื่องใช้ไฟฟ้าสำหรับใช้ในที่อยู่อาศัยและเครื่องใช้ไฟฟ้าอื่นที่คล้ายกัน เล่ม 2(37) ข้อกำหนดเฉพาะสำหรับเครื่องทอดโดนัทเชิงพาณิชย์และเครื่องทอดน้ำมันท่วมเชิงพาณิชย์,0,0,7,5,0,0,7,2025-11-01
60335 เล่ม 2(41)-2567,ความปลอดภัยของเครื่องใช้ไฟฟ้าสำหรับใช้ในที่อยู่อาศัยและเครื่องใช้ไฟฟ้าอื่นที่คล้ายกัน เล่ม 2(41) ข้อกำหนดเฉพาะสำหรับเครื่องสูบของเหลว,0,0,0,0,3,3,3,2025-11-01
60335 เล่ม 2(65)-2564,ความปลอดภัยของเครื่องใช้ไฟฟ้าสำหรับใช้ในที่อยู่อาศัยและเครื่องใช้ไฟฟ้าอื่นที่คล้ายกัน เล่ม 2(65) ข้อกำหนดเฉพาะสำหรับเครื่องฟอกอากาศ,22,22,148,99,0,0,170,2025-11-01
60335 เล่ม 2(79)-2563,ความปลอดภัยของเครื่องใช้ไฟฟ้าสำหรับใช้ในที่อยู่อาศัยและเครื่องใช้ไฟฟ้าอื่นที่คล้ายกัน เล่ม 2(79) ข้อกำหนดเฉพาะสำหรับเครื่องทำความสะอาดใช้ความดันสูง และเครื่องทำความสะอาดใช้ไอน้ำ,1,1,69,43,0,0,70,2025-11-01
605-2552,ผลิตภัณฑ์ชำระล้าง,0,0,0,0,3,3,3,2025-11-01
609-2559,สีพ่นยานยนต์แห้งเร็วไนโตรเซลลูโลส: สีพื้นรองทับหน้า,0,0,0,0,1,1,1,2025-11-01
610-2552,น้ำยาลอกสี,0,0,0,0,1,1,1,2025-11-01
612-2549,แผ่นพอลิเอสเตอร์เสริมใยแก้ว,0,0,0,0,9,4,9,2025-11-01
61215 เล่ม 1(1)-2561,แผงเซลล์แสงอาทิตย์ภาคพื้นดิน - คุณสมบัติการออกแบบและรับรองแบบ เล่ม 1(1) ข้อกำหนดเฉพาะสำหรับการทดสอบ แผงเซลล์แสงอาทิตย์ชนิดผลึกซิลิคอน,0,0,0,0,10,8,10,2025-11-01
618-2565,สารยึดสำหรับสีและวาร์นิช : แอลคีดเรซิน,0,0,0,0,1,1,1,2025-11-01
622-2529,ท่อซีเมนต์ใยหินสำหรับงานระบายน้ำทั่วไป,0,0,0,0,1,1,1,2025-11-01
62368 เล่ม 1-2563,บริภัณฑ์เสียง วีดิทัศน์ บริภัณฑ์เทคโนโลยีสารสนเทศและการสื่อสาร เล่ม 1 ข้อกำหนดด้านความปลอดภัย,31,30,627,225,0,0,658,2025-11-01
625-2559,ถุงยางอนามัยชายจากน้ำยางธรรมชาติ - คุณลักษณะที่ต้องการและวิธีทดสอบ,0,0,0,0,8,6,8,2025-11-01
63-2560,ตู้เหล็กเก็บเอกสารแบบลิ้นชัก,0,0,0,0,9,7,9,2025-11-01
632-2551,พอลิไวนิลคลอไรด์เรซิน,0,0,0,0,2,2,2,2025-11-01
633-2531,ลูกยางสีข้าว,0,0,0,0,2,1,2,2025-11-01
638-2563,แป้งข้าวเจ้า,0,0,0,0,3,3,3,2025-11-01
639-2563,แป้งข้าวเหนียว,0,0,0,0,3,3,3,2025-11-01
64-2517,ตัวนำไฟฟ้าทองแดงรีดแข็งสำหรับสายส่งกำลังเหนือดิน,0,0,0,0,11,7,11,2025-11-01
640 เล่ม 1-2564,เอทานอลใช้ทางเภสัชกรรม,0,0,0,0,4,4,4,2025-11-01
640 เล่ม 2-2561,เอทานอลใช้ทางอุตสาหกรรมทั่วไป,0,0,0,0,3,3,3,2025-11-01
640 เล่ม 3-2553,เอทานอลใช้เป็นเชื้อเพลิง,0,0,0,0,1,1,1,2025-11-01
640 เล่ม 4-2561,เอทานอลสำหรับใช้ในเครื่องสำอาง,0,0,0,0,2,2,2,2025-11-01
640 เล่ม 6-2563,เอทานอลสำหรับอุตสาหกรรมอาหาร,0,0,0,0,3,3,3,2025-11-01
651-2535,ยางในรถยนต์,0,0,0,0,14,3,14,2025-11-01
653-2554,ภาชนะพลาสติกสำหรับบรรจุนมและผลิตภัณฑ์นม,0,0,0,0,1,1,1,2025-11-01
655 เล่ม 1-2553,ภาชนะและเครื่องใช้พลาสติกสำหรับอาหาร เล่ม 1 พอลิเอทิลีน พอลิพรอพิลีน พอลิสไตรีน พอลิเอทิลีนเทเรฟแทเลต พอลิไวนิลแอลกอฮอล์ และพอลิเมทิลเพนทีน,429,398,375,204,0,0,804,2025-11-01
655 เล่ม 2-2554,ภาชนะและเครื่องใช้พลาสติกสำหรับอาหาร เล่ม 2 พอลิไวนิลคลอไรด์ พอลิคาร์บอเนต พอลิแอไมด์ และพอลิเมทิลเมทาคริเลต,26,24,46,39,0,0,72,2025-11-01
655 เล่ม 3-2554,ภาชนะและเครื่องใช้พลาสติกสำหรับอาหาร เล่ม 3 อะคริโลไนไทรล์-บิวทะไดอีน-สไตรีน และสไตรีน-อะคริโลไนไทรล์,30,29,100,45,0,0,130,2025-11-01
659-2529,เหล็กฉากเจาะรู,0,0,0,0,4,4,4,2025-11-01
660-2529,บันไดอะลูมิเนียม,0,0,0,0,3,3,3,2025-11-01
683-2562,ยางในสำหรับรถจักรยานยนต์และโมเปด,20,14,12,11,0,0,32,2025-11-01
685 เล่ม 1-2562,ของเล่น: เฉพาะด้านความปลอดภัย เล่ม 1 ข้อกำหนด,149,148,1443,399,0,0,1592,2025-11-01
689-2530,ได-2-เอทิลเฮกซิลทาเลต,0,0,0,0,2,1,2,2025-11-01
691-2547,สีอีพอกซีสำหรับงานทั่วไป,0,0,0,0,12,11,12,2025-11-01
692-2560,กำมะถันสำหรับอุตสาหกรรม,0,0,0,0,2,2,2,2025-11-01
696-2530,ลูกกวาดและทอฟฟี่,0,0,0,0,1,1,1,2025-11-01
697-2530,ยางหุ้มขอบกระจกรถยนต์,0,0,0,0,1,1,1,2025-11-01
71-2532,ลวดเหล็กเคลือบสังกะสี,0,0,0,0,12,9,12,2025-11-01
710-2530,พัดลมไฟฟ้ากระแสสลับชนิดระบายอากาศ,0,0,0,0,2,1,2,2025-11-01
713-2541,จาระบี,0,0,0,0,1,1,1,2025-11-01
716-2532,ลวดเย็บกระดาษ,0,0,0,0,5,2,5,2025-11-01
717-2530,เครื่องเย็บกระดาษ,0,0,0,0,1,1,1,2025-11-01
718-2530,แบตเตอรี่ชนิดตะกั่ว-กรดใช้ประจำที่,0,0,0,0,3,3,3,2025-11-01
719-2530,แบตเตอรี่รถจักรยานยนต์,0,0,0,0,1,1,1,2025-11-01
721-2551,เข็มขัดนิรภัยสำหรับรถยนต์,22,6,182,52,0,0,204,2025-11-01
727-2551,สีโคลทาร์อีพ็อกซี,0,0,0,0,5,5,5,2025-11-01
729-2553,กระสอบพลาสติก,0,0,0,0,3,3,3,2025-11-01
730-2558,วัสดุเชื่อมสิ้นเปลือง - ลวดเชื่อมไฟฟ้ามีสารพอกหุ้มใช้เชื่อมเหล็กกล้าไร้สนิม และเหล็กกล้าทนความร้อนด้วยการเชื่อมอาร์กโลหะด้วยมือ - การจำแนกประเภท,0,0,0,0,3,2,3,2025-11-01
731-2532,ลวดเชื่อมมีสารพอกหุ้มใช้เชื่อมพอกผิวเหล็กกล้าด้วยอาร์ก,0,0,0,0,7,2,7,2025-11-01
732-2531,ลวดเชื่อมมีสารพอกหุ้มใช้เชื่อมเหล็กหล่อด้วยอาร์ก,0,0,0,0,5,3,5,2025-11-01
733-2530,สารเคมีผสมเพิ่มสำหรับคอนกรีต,0,0,0,0,7,5,7,2025-11-01
737-2549,ตะแกรงเหล็กกล้าเชื่อมติดเสริมคอนกรีต,0,0,0,0,91,53,91,2025-11-01
738-2547,นมสด,0,0,0,0,2,2,2,2025-11-01
739-2563,สีสังเคราะห์ : สีไดเร็กต์,11,11,36,14,0,0,47,2025-11-01
740-2563,สีสังเคราะห์ : สีรีแอกทีฟ,8,8,109,29,0,0,117,2025-11-01
744-2563,วงกบและกรอบบานโลหะสำหรับประตูและหน้าต่าง: หน้าต่างอะลูมิเนียม,0,0,0,0,5,5,5,2025-11-01
747-2564,ลวดเหล็กกล้าดึงเย็นเสริมคอนกรีต,0,0,0,0,36,36,36,2025-11-01
75-2560,ปุ๋ยเคมี,0,0,0,0,1,1,1,2025-11-01
756-2535,กุญแจลูกบิด,0,0,0,0,17,10,17,2025-11-01
757-2531,กุญแจคล้องสายยู,0,0,0,0,1,1,1,2025-11-01
758-2551,กระดาษหนังสือพิมพ์,0,0,0,0,1,1,1,2025-11-01
759-2531,บานพับสำหรับประตูและหน้าต่าง : บานพับสองปีก,0,0,0,0,18,11,18,2025-11-01
76-2517,ลวดหนามเคลือบสังกะสี,0,0,0,0,2,2,2,2025-11-01
760-2563,สีสังเคราะห์ : สีแวต,2,2,38,18,0,0,40,2025-11-01
764-2561,ชุดปีกผีเสื้อใช้ครั้งเดียว,0,0,0,0,1,1,1,2025-11-01
769-2533,ผ้ามุ้ง,0,0,0,0,4,4,4,2025-11-01
77-2565,อิฐก่อสร้างสามัญ,0,0,0,0,16,16,16,2025-11-01
770-2567,ท่อเหล็กกล้าเคลือบสังกะสีสำหรับใช้ร้อยสายไฟฟ้า,0,0,0,0,3,2,3,2025-11-01
773-2531,ดอกไม้ประดิษฐ์,0,0,0,0,2,1,2,2025-11-01
776-2552,หลอดพลาสติกสำหรับอาหาร,0,0,0,0,2,2,2,2025-11-01
777-2552,กระบอกฉีดยาผ่านใต้ผิวหนังปราศจากเชื้อชนิดใช้ครั้งเดียว,0,0,0,0,1,1,1,2025-11-01
778-2531,โครงบานเกล็ดหน้าต่างปรับได้,0,0,0,0,6,6,6,2025-11-01
78-2549,ผงซักฟอก,34,30,22,16,0,0,56,2025-11-01
787-2551,เครื่องยนต์ดีเซลขนาดเล็กระบายความร้อนด้วยน้ำ,5,3,20,16,0,0,25,2025-11-01
788-2531,ไส้หม้อกรองอากาศที่ใช้กับเครื่องยนต์สันดาปภายใน,0,0,0,0,1,1,1,2025-11-01
79-2529,กระเบื้องซีเมนต์ใยหินแผ่นลอน : ลอนคู่,0,0,0,0,14,5,14,2025-11-01
791-2565,เครื่องสุขภัณฑ์เซรามิก : อ่างล้างหน้า-ล้างมือ,0,0,0,0,9,8,9,2025-11-01
792-2554,เครื่องสุขภัณฑ์เซรามิก : โถส้วมนั่งราบ,19,13,337,97,0,0,356,2025-11-01
794-2567,เครื่องสุขภัณฑ์เซรามิก : โถส้วมนั่งยอง,0,0,0,0,1,1,1,2025-11-01
795-2564,เครื่องสุขภัณฑ์เซรามิก : โถปัสสาวะชาย,0,0,0,0,9,8,9,2025-11-01
796-2544,เครื่องสุขภัณฑ์วิเทรียสไชนา : โถชำระล้าง,0,0,0,0,2,2,2,2025-11-01
797-2565,เครื่องสุขภัณฑ์เซรามิก : อุปกรณ์ห้องน้ำ,0,0,0,0,7,7,7,2025-11-01
8-2564,ซอสปรุงรส,0,0,0,0,1,1,1,2025-11-01
80-2566,ปูนซีเมนต์ผสม,0,0,0,0,15,9,15,2025-11-01
800-2545,ยางขอบประตูรถยนต์,0,0,0,0,1,1,1,2025-11-01
801-2562,นั่งร้านท่อเหล็กกล้าแบบโครง,0,0,0,0,2,2,2,2025-11-01
803-2531,เชือกลวดเหล็กกล้าสำหรับลิฟต์,0,0,0,0,7,3,7,2025-11-01
805-2565,เครื่องปรับความดันก๊าซปิโตรเลียมเหลว : ความดันต่ำ,0,0,0,0,2,2,2,2025-11-01
81-2548,ท่อซีเมนต์ใยหินชนิดทนความดัน,0,0,0,0,3,2,3,2025-11-01
812-2558,มอเตอร์คอมเพรสเซอร์ เฉพาะด้านความปลอดภัย,15,9,583,116,0,0,598,2025-11-01
816-2565,พอลิเอทิลีนเรซิน,0,0,0,0,7,3,7,2025-11-01
821-2554,ปากกาสีน้ำ,0,0,0,0,1,1,1,2025-11-01
824-2551,สวิตช์ไฟฟ้าใช้ในที่อยู่อาศัยและสิ่งติดตั้งทางไฟฟ้ายึดกับที่ที่คล้ายกัน : ข้อกำหนดทั่วไป,35,17,176,69,0,0,211,2025-11-01
826-2531,กระเบื้องซีเมนต์ปูพื้น,0,0,0,0,52,27,52,2025-11-01
827-2565,คอนกรีตบล็อกประสานปูพื้น,0,0,0,0,13,12,13,2025-11-01
828-2546,ชิ้นส่วนคอนกรีตเสริมเหล็กอัดแรงหล่อสำเร็จสำหรับระบบพื้นประกอบ,0,0,0,0,548,381,548,2025-11-01
829-2563,วงกบและกรอบบานโลหะสำหรับประตูและหน้าต่าง: ประตูอะลูมิเนียม,0,0,0,0,3,3,3,2025-11-01
83-2561,น้ำส้มสายชู,0,0,0,0,3,3,3,2025-11-01
834-2556,สีโป๊ยานยนต์ : พอลิเอสเทอร์,0,0,0,0,10,10,10,2025-11-01
836-2534,โพลิสไตรีนเรซิน,0,0,0,0,3,1,3,2025-11-01
838-2531,สายไฟฟ้าสำหรับวงจรควบคุม,0,0,0,0,13,9,13,2025-11-01
84-2552,ชอล์กสำหรับกระดานดำ,0,0,0,0,1,1,1,2025-11-01
849-2566,ปูนซีเมนต์ปอร์ตแลนด์ปอซโซลาน,0,0,0,0,2,2,2,2025-11-01
85-2548,ตัวนำลวดกลมตีเกลียวร่วมศูนย์กลางสำหรับสายไฟฟ้าเหนือดิน,11,7,2,2,0,0,13,2025-11-01
851-2561,แอสฟัลต์ซีเมนต์สำหรับงานทาง,0,0,0,0,23,17,23,2025-11-01
854-2566,อ่างเหล็กกล้าไร้สนิมสำหรับล้างชาม,0,0,0,0,2,2,2,2025-11-01
862-2532,บานพับสำหรับหน้าต่าง : บานพับปรับมุมชนิดฝืด,0,0,0,0,1,1,1,2025-11-01
865-2544,คัตแบกแอสฟัลต์,0,0,0,0,15,9,15,2025-11-01
872-2532,หม้อกรองน้ำมันเครื่องชนิดถอดเปลี่ยนทั้งชุดสำหรับรถยนต์,0,0,0,0,4,3,4,2025-11-01
875-2565,เครื่องปรับความดันก๊าซปิโตรเลียมเหลว : ความดันสูง,0,0,0,0,2,2,2,2025-11-01
878-2566,แผ่นชิ้นไม้อัดซีเมนต์ : ความหนาแน่นสูง,0,0,0,0,2,2,2,2025-11-01
879-2553,ไฟแช็กก๊าซ,5,4,34,20,0,0,39,2025-11-01
880-2560,กระจกโฟลตใส,8,4,101,39,0,0,109,2025-11-01
882-2532,เครื่องดับเพลิงยกหิ้ว : โฟม,5,4,5,4,0,0,10,2025-11-01
885-2551,บัลลาสต์อิเล็กทรอนิกส์ใช้กับไฟฟ้ากระแสสลับสำหรับหลอดฟลูออเรสเซนซ์ เฉพาะด้านความปลอดภัย,0,0,0,0,10,5,10,2025-11-01
897-2564,ไฮโดรเจนเพอร์ออกไซด์สำหรับอุตสาหกรรม,0,0,0,0,1,1,1,2025-11-01
9-2550,ลูกแบดมินตัน,0,0,0,0,2,2,2,2025-11-01
900-2565,ถ่านกัมมันต์สำหรับอุตสาหกรรมทั่วไป,0,0,0,0,2,2,2,2025-11-01
902 เล่ม 2(1)-2563,ดวงโคมไฟฟ้าติดประจำที่สำหรับจุดประสงค์ทั่วไป,0,0,0,0,15,15,15,2025-11-01
902 เล่ม 2(22)-2560,ดวงโคมไฟฟ้าฉุกเฉิน,0,0,0,0,6,4,6,2025-11-01
902 เล่ม 2(3)-2557,ดวงโคมไฟฟ้าสำหรับให้แสงสว่างบนถนน,0,0,0,0,38,35,38,2025-11-01
902 เล่ม 2(5)-2563,ดวงโคมไฟฟ้าสาดแสง,0,0,0,0,11,11,11,2025-11-01
909-2548,เครื่องตัดวงจรกระแสเหลือแบบมีอุปกรณ์ป้องกันกระแสเกิน สำหรับใช้ในที่อยู่อาศัยและใช้ในลักษณะที่คล้ายกัน,33,11,105,50,0,0,138,2025-11-01
910-2532,ท่อโพลิบิวทิลีนสำหรับใช้เป็นท่อน้ำดื่ม,0,0,0,0,11,6,11,2025-11-01
913-2550,แคปซูลเจลาตินชนิดแข็ง,0,0,0,0,1,1,1,2025-11-01
915 เล่ม 1-2562,วาล์วถังก๊าซปิโตรเลียมเหลว เล่ม 1 แบบกดล็อก,0,0,0,0,2,2,2,2025-11-01
915 เล่ม 2-2562,วาล์วถังก๊าซปิโตรเลียมเหลว เล่ม 2 แบบมือหมุน,0,0,0,0,5,3,5,2025-11-01
918-2535,อุปกรณ์และข้อต่อเหล็กหล่อเทาสำหรับท่อส่งน้ำชนิดทนความดัน,0,0,0,0,395,24,395,2025-11-01
92-2536,พัดลมไฟฟ้ากระแสสลับชนิดตั้งโต๊ะและติดผนัง,0,0,0,0,12,4,12,2025-11-01
921-2551,โต๊ะเทเบิลเทนนิส,0,0,0,0,4,4,4,2025-11-01
927-2533,แบไรต์สำหรับเจาะบ่อปิโตรเลียม,0,0,0,0,1,1,1,2025-11-01
93-2563,แหนบแผ่น - คุณลักษณะทางเทคนิค,0,0,0,0,1,1,1,2025-11-01
934-2558,พัดลมไฟฟ้ากระแสสลับ - คุณลักษณะที่ต้องการด้านความปลอดภัย,144,103,433,236,0,0,577,2025-11-01
940-2562,ลูกฟุตบอล,0,0,0,0,4,4,4,2025-11-01
941-2563,ลูกบาสเกตบอล,0,0,0,0,4,4,4,2025-11-01
942-2563,ลูกวอลเลย์บอล,0,0,0,0,4,4,4,2025-11-01
943-2564,ลวดเหล็กกล้าข้ออ้อยดึงเย็นเสริมคอนกรีต,0,0,0,0,24,24,24,2025-11-01
948-2556,แป้งถั่วเขียว,0,0,0,0,1,1,1,2025-11-01
95-2540,ลวดเหล็กกล้าสำหรับคอนกรีตอัดแรง,30,14,6,4,0,0,36,2025-11-01
950-2547,แอลกอฮอล์แข็งสำหรับใช้เป็นเชื้อเพลิง,11,11,0,0,0,0,11,2025-11-01
951-2533,แผ่นยางรองสะพาน,0,0,0,0,5,3,5,2025-11-01
952-2533,หมึกอัดสำเนา,0,0,0,0,2,2,2,2025-11-01
955 เล่ม 6-2554,สายไฟฟ้าหุ้มฉนวนยาง แรงดันไฟฟ้าที่กำหนดไม่เกิน 450/750 โวลต์ เล่ม 6 สายอิเล็กโทรดของเครื่องเชื่อมอาร์ก,0,0,0,0,1,1,1,2025-11-01
956-2557,หลอดฟลูออเรสเซนซ์ขั้วคู่ -คุณลักษณะที่ต้องการด้านความปลอดภัย,4,4,19,13,0,0,23,2025-11-01
96 เล่ม 2-2560,แบตเตอรี่ปฐมภูมิ เล่ม 2 ข้อกำหนดคุณลักษณะทางรูปร่างและทางไฟฟ้า,0,0,0,0,1,1,1,2025-11-01
965-2560,กระจกเทมเปอร์,52,47,128,70,0,0,180,2025-11-01
967-2533,กระเทียมผง,0,0,0,0,1,1,1,2025-11-01
969-2562,หัวนมยางสำหรับขวดนม,19,17,22,20,0,0,41,2025-11-01
97-2557,ผ้าเบรกสำหรับยานยนต์,0,0,0,0,7,4,7,2025-11-01
971-2533,เสารั้วคอนกรีตเสริมเหล็กอัดแรงหล่อสำเร็จ,0,0,0,0,10,6,10,2025-11-01
975-2538,กระบอกไฮดรอลิกสำหรับอุตสาหกรรมทั่วไป,0,0,0,0,16,8,16,2025-11-01
980-2552,น้ำยางข้นธรรมชาติ,0,0,0,0,1,1,1,2025-11-01
982-2556,ท่อพอลิเอทิลีนสำหรับน้ำดื่ม,0,0,0,0,62,28,62,2025-11-01
989-2562,ถังเหล็กกล้าไร้สนิมสำหรับเก็บน้ำ,0,0,0,0,6,6,6,2025-11-01
998-2553,ภาชนะพลาสติกสำหรับบรรจุน้ำบริโภค,0,0,0,0,6,5,6,2025-11-01
999-2533,ท่อพีวีซีแข็งสำหรับใช้ในงานอุตสาหกรรม,0,0,0,0,6,3,6,2025-11-01
