tis_number,tis_name_th,snapshot_date,num_total_entrepreneurs,import_dependency_ratio,entrepreneur_risk_raw,entrepreneur_risk_norm,import_dependency_norm,risk_score,risk_label
1005-2564,สีเคลือบกึ่งเงาแอลคีด,2025-11-01,2,0.0,0.3333333333333333,0.6660406885758998,0.0,33.30203442879499,low
1006-2558,ท่อเหล็กกล้าไร้สนิมออสเทไนต์สำหรับงานอุณหภูมิสูงและทนการกัดกร่อนทั่วไป,2025-11-01,2,0.0,0.3333333333333333,0.6660406885758998,0.0,33.30203442879499,low
1013-2533,บานประตูพีวีซี,2025-11-01,18,0.0,0.05263157894736842,0.10358290091425747,0.0,5.179145045712874,low
1020-2533,เครื่องเรือนสำหรับสำนักงาน : เก้าอี้ทำงานปรับได้,2025-11-01,4,0.0,0.2,0.39887323943661973,0.0,19.943661971830988,low
1023-2534,ผลิตภัณฑ์ลบคำผิดสำหรับกระดาษพิมพ์และเขียน,2025-11-01,3,0.0,0.25,0.4990610328638498,0.0,24.953051643192488,low
1024-2563,อาร์กอน,2025-11-01,5,0.0,0.16666666666666666,0.3320813771517997,0.0,16.604068857589986,low
1025-2562,หัวนมยางดูดเล่น,2025-11-01,24,0.5769230547337286,0.04,0.07827230046948357,0.5769230615210587,32.75976809952711,low
1032-2534,น้ำยาประสานท่อพีวีซีแข็งและข้อต่อท่อพีวีซีแข็ง,2025-11-01,15,0.0,0.0625,0.12335680751173708,0.0,6.167840375586854,low
1033-2552,แลกเกอร์แอโรซอล,2025-11-01,1,0.0,0.5,1.0,0.0,50.0,medium
1039-2547,หม้อหุงข้าวไฟฟ้า เฉพาะด้านความปลอดภัย,2025-11-01,145,0.7480719775113831,0.00684931506849315,0.011846420991703644,0.7480719863122299,37.995920365196675,low
1040-2541,น้ำมันเครื่องสำหรับเครื่องยนต์เบนซินสองจังหวะ,2025-11-01,9,0.0,0.1,0.19849765258215962,0.0,9.924882629107982,low
1045-2535,กระดาษพิมพ์ต่อเนื่อง,2025-11-01,2,0.0,0.3333333333333333,0.6660406885758998,0.0,33.30203442879499,low
1048-2551,สีอีพ็อกซีสำหรับเคลือบท่อเหล็กกล้าส่งน้ำบริโภค,2025-11-01,12,0.0,0.07692307692307693,0.15225713253882267,0.0,7.6128566269411335,low
1052-2534,ชุดระบายน้ำหลังคา,2025-11-01,2,0.0,0.3333333333333333,0.6660406885758998,0.0,33.30203442879499,low
1053-2534,ชุดระบายน้ำพื้น,2025-11-01,2,0.0,0.3333333333333333,0.6660406885758998,0.0,33.30203442879499,low
1054-2560,กระดาษถ่ายเอกสาร,2025-11-01,7,0.0,0.125,0.24859154929577465,0.0,12.429577464788732,low
1056 เล่ม 1-2556,ถุงมือสำหรับการตรวจวินิจฉัยทางการแพทย์ชนิดใช้ครั้งเดียว เล่ม 1 : เกณฑ์กำหนดสำหรับถุงมือที่ทำจากน้ำยางหรือสารละลายยาง,2025-11-01,28,0.1388888850308643,0.034482758620689655,0.06721709567751336,0.1388888866648512,10.305299117118228,low
1062-2561,ท่อยางสำหรับงานเชื่อม งานตัด และงานประกบด้วยก๊าซ,2025-11-01,1,0.0,0.5,1.0,0.0,50.0,medium
1065-2534,เบนทอไนต์สำหรับทำโคลนเจาะ,2025-11-01,1,0.0,0.5,1.0,0.0,50.0,medium
107-2566,ท่อเหล็กกล้าคาร์บอนสำหรับงานโครงสร้างทั่วไป,2025-11-01,25,0.0,0.038461538461538464,0.0751895991332611,0.0,3.7594799566630552,low
1092-2548,สีรองพื้นกัดผิว,2025-11-01,1,0.0,0.5,1.0,0.0,50.0,medium
1097-2556,สีอะคริลิกเคลือบกระเบื้องซีเมนต์เส้นใยมุงหลังคา,2025-11-01,4,0.0,0.2,0.39887323943661973,0.0,19.943661971830988,low
11 เล่ม 101-2559,สายไฟฟ้าหุ้มฉนวนพอลิไวนิลคลอไรด์ แรงดันไฟฟ้าที่กำหนดไม่เกิน 450/750 โวลต์ เล่ม 101 สายไฟฟ้ามีเปลือกสำหรับงานทั่วไป,2025-11-01,42,0.11764705651672439,0.023255813953488372,0.04472103941478327,0.1176470579008074,8.118404865779533,low
11 เล่ม 3-2553,สายไฟฟ้าหุ้มฉนวนพอลิไวนิลคลอไรด์ แรงดันไฟฟ้าที่กำหนดไม่เกิน 450/750 โวลต์ เล่ม 3 สายไฟฟ้าไม่มีเปลือกสำหรับงานติดตั้งยึดกับที่,2025-11-01,77,0.20588235142733566,0.01282051282051282,0.023811243529553387,0.20588235384948098,11.48467986895172,low
11 เล่ม 4-2553,สายไฟฟ้าหุ้มฉนวนพอลิไวนิลคลอไรด์ แรงดันไฟฟ้าที่กำหนดไม่เกิน 450/750 โวลต์ เล่ม 4 สายไฟฟ้ามีเปลือกสำหรับงานติดตั้งยึดกับที่,2025-11-01,33,0.0476190464852608,0.029411764705882353,0.05705606186136426,0.04761904704548488,5.233755445342457,low
11 เล่ม 5-2553,สายไฟฟ้าหุ้มฉนวนพอลิไวนิลคลอไรด์ แรงดันไฟฟ้าที่กำหนดไม่เกิน 450/750 โวลต์ เล่ม 5 สายอ่อน,2025-11-01,74,0.23999999808000003,0.013333333333333334,0.024838810641627542,0.2400000009035294,13.241940577257848,low
1101-2535,อุปกรณ์ช่วยปิดประตูสำหรับประตูบานผลักสองทาง,2025-11-01,5,0.0,0.16666666666666666,0.3320813771517997,0.0,16.604068857589986,low
111-2538,ผ้าถักวงกลม,2025-11-01,1,0.0,0.5,1.0,0.0,50.0,medium
1115-2535,แฟ้มกระดาษ,2025-11-01,3,0.0,0.25,0.4990610328638498,0.0,24.953051643192488,low
1122-2546,เก้าอี้ผู้ปฏิบัติการทันตกรรม,2025-11-01,5,0.0,0.16666666666666666,0.3320813771517997,0.0,16.604068857589986,low
1123-2555,สีรองพื้นสำหรับงานปูน,2025-11-01,45,0.0,0.021739130434782608,0.04168197591345172,0.0,2.084098795672586,low
1128-2562,แผ่นเหล็กมุงหลังคา,2025-11-01,24,0.0,0.04,0.07827230046948357,0.0,3.9136150234741782,low
1129-2535,ชุดพื้นยก,2025-11-01,2,0.0,0.3333333333333333,0.6660406885758998,0.0,33.30203442879499,low
113-2562,ตะปูเหล็ก,2025-11-01,7,0.0,0.125,0.24859154929577465,0.0,12.429577464788732,low
1132-2536,ภาชนะพลาสติกสำหรับบรรจุผลิตภัณฑ์ปิโตรเลียมจุดวาบไฟสูง,2025-11-01,1,0.0,0.5,1.0,0.0,50.0,medium
1136-2559,ฟิล์มยืดหุ้มห่ออาหาร,2025-11-01,12,0.615384568047341,0.07692307692307693,0.15225713253882267,0.6153845752871594,38.3820853912991,low
1139-2536,ท่อทองแดงไร้ตะเข็บ,2025-11-01,1,0.0,0.5,1.0,0.0,50.0,medium
1141-2565,ถ้วยกระดาษสำหรับเครื่องดื่ม,2025-11-01,4,0.0,0.2,0.39887323943661973,0.0,19.943661971830988,low
1146-2536,ชุดล้อสำหรับประตูและหน้าต่างบานเลื่อนอะลูมิเนียม,2025-11-01,3,0.0,0.25,0.4990610328638498,0.0,24.953051643192488,low
1147-2549,ดินสอสี,2025-11-01,3,0.0,0.25,0.4990610328638498,0.0,24.953051643192488,low
1149-2548,สีเทียน,2025-11-01,16,0.6086956257088858,0.058823529411764705,0.115990057995029,0.6086956328700108,36.234284543251995,low
115-2529,กุ้งเยือกแข็ง,2025-11-01,1,0.0,0.5,1.0,0.0,50.0,medium
1155-2557,เครื่องปรับอากาศสำหรับห้อง แบบแยกส่วน,2025-11-01,18,0.0,0.05263157894736842,0.10358290091425747,0.0,5.179145045712874,low
1163-2536,แผ่นเทอร์โมเซตติงแลมิเนต,2025-11-01,2,0.0,0.3333333333333333,0.6660406885758998,0.0,33.30203442879499,low
1164-2559,ท่อคอนกรีตเสริมเหล็กหล่อสำเร็จรูปสี่เหลี่ยมสำหรับงานระบายน้ำใต้ทางเท้า วัสดุถมไม่เกิน 3.0 m,2025-11-01,119,0.0,0.008333333333333333,0.014820031298904537,0.0,0.7410015649452268,low
1165-2559,ท่อคอนกรีตเสริมเหล็กหล่อสำเร็จรูปสี่เหลี่ยมสำหรับงานระบายน้ำใต้ผิวจราจร วัสดุถมน้อยกว่า 0.6 m,2025-11-01,25,0.0,0.038461538461538464,0.0751895991332611,0.0,3.7594799566630552,low
1166-2559,ท่อคอนกรีตเสริมเหล็กหล่อสำเร็จรูปสี่เหลี่ยมสำหรับงานระบายน้ำใต้ผิวจราจร วัสดุถมระหว่าง 0.6 m ถึง 3.0 m,2025-11-01,128,0.0,0.007751937984496124,0.013655056956727443,0.0,0.6827528478363721,low
1170-2536,ฟรักโทสซิรัป,2025-11-01,1,0.0,0.5,1.0,0.0,50.0,medium
1177-2556,น้ำยารองพื้นสำหรับพื้นผิวที่เป็นฝุ่น,2025-11-01,19,0.0,0.05,0.09830985915492958,0.0,4.915492957746479,low
1178-2549,สารขึ้นรูปยูเรียฟอร์มาลดีไฮด์,2025-11-01,2,0.0,0.3333333333333333,0.6660406885758998,0.0,33.30203442879499,low
118-2522,สายไฟฟ้าแรงต่ำสำหรับรถยนต์,2025-11-01,4,0.0,0.2,0.39887323943661973,0.0,19.943661971830988,low
1180(1)-2538,รถยนต์ขนาดใหญ่ที่ใช้เครื่องยนต์ดีเซล เฉพาะด้านความปลอดภัย : สารมลพิษจากเครื่องยนต์ ระดับที่ 1,2025-11-01,1,0.0,0.5,1.0,0.0,50.0,medium
1181-2536,ขวดนมพลาสติก,2025-11-01,1,0.0,0.5,1.0,0.0,50.0,medium
1183-2536,เครื่องเรือนสำหรับสำนักงาน : โต๊ะทำงานเหล็กกล้า,2025-11-01,2,0.0,0.3333333333333333,0.6660406885758998,0.0,33.30203442879499,low
1189-2536,ก๊อกน้ำสำหรับฝักบัวอาบน้ำ,2025-11-01,2,0.0,0.3333333333333333,0.6660406885758998,0.0,33.30203442879499,low
1193-2536,บ่อพักคอนกรีตเสริมเหล็กหล่อสำเร็จสำหรับงานระบายน้ำ,2025-11-01,5,0.0,0.16666666666666666,0.3320813771517997,0.0,16.604068857589986,low
12-2530,กระเบื้องซีเมนต์ใยหินแผ่นเรียบ,2025-11-01,7,0.0,0.125,0.24859154929577465,0.0,12.429577464788732,low
1200-2536,หมุดเกลียวเหล็กกล้าไร้สนิมยึดกระดูกหัวหลุมหกเหลี่ยมฐานหัวจมรูปทรงกลมเกลียวอสมมาตร,2025-11-01,1,0.0,0.5,1.0,0.0,50.0,medium
1220-2541,ชุดประตูทนไฟแบบบานเปิด,2025-11-01,17,0.0,0.05555555555555555,0.10944183620239957,0.0,5.472091810119979,low
1222-2560,กระจกนิรภัยหลายชั้น,2025-11-01,64,0.7131147482531578,0.015384615384615385,0.02894907908992416,0.713114756642743,37.10319178663336,low
1227-2558,เหล็กโครงสร้างรูปพรรณรีดร้อน,2025-11-01,20,0.49999998684210567,0.047619047619047616,0.09353901184887099,0.49999999272445844,29.67695022866647,low
1228-2561,เหล็กโครงสร้างรูปพรรณขึ้นรูปเย็น สำหรับงานโครงสร้างทั่วไป,2025-11-01,40,0.0,0.024390243902439025,0.0469941600824459,0.0,2.349708004122295,low
1230-2537,จานเรซินอยด์สำหรับตัด,2025-11-01,3,0.0,0.25,0.4990610328638498,0.0,24.953051643192488,low
1231-2560,กระจกฉนวน,2025-11-01,40,0.8352941078200693,0.024390243902439025,0.0469941600824459,0.8352941176470589,44.11441388647523,medium
1237-2537,ฝาและขอบบ่อพักคอนกรีตเสริมเหล็กหล่อสำเร็จ,2025-11-01,3,0.0,0.25,0.4990610328638498,0.0,24.953051643192488,low
124-2518,สายพานแบนส่งกำลัง,2025-11-01,2,0.0,0.3333333333333333,0.6660406885758998,0.0,33.30203442879499,low
1245-2553,สารอัดแบบเมลามีนฟอร์แมลดีไฮด์,2025-11-01,3,0.0,0.25,0.4990610328638498,0.0,24.953051643192488,low
1253-2537,เครื่องเรือนอเนกประสงค์ : เก้าอี้โลหะ,2025-11-01,3,0.0,0.25,0.4990610328638498,0.0,24.953051643192488,low
126-2548,ข้อต่อซีเมนต์ใยหินชนิดทนความดัน,2025-11-01,2,0.0,0.3333333333333333,0.6660406885758998,0.0,33.30203442879499,low
127-2536,พัดลมไฟฟ้ากระแสสลับชนิดตั้งพื้น,2025-11-01,3,0.0,0.25,0.4990610328638498,0.0,24.953051643192488,low
1277-2555,ก๊อกน้ำสำหรับอ่างล้างชาม,2025-11-01,2,0.0,0.3333333333333333,0.6660406885758998,0.0,33.30203442879499,low
1278-2555,ก๊อกน้ำสำหรับอ่างล้างหน้า-ล้างมือ,2025-11-01,3,0.0,0.25,0.4990610328638498,0.0,24.953051643192488,low
128-2560,ท่อคอนกรีตเสริมเหล็กหล่อสำเร็จสำหรับงานระบายน้ำ,2025-11-01,439,0.0,0.0022727272727272726,0.002676056338028169,0.0,0.13380281690140844,low
1282-2538,สะดือสำหรับอ่างล้างหน้า-ล้างมือ,2025-11-01,2,0.0,0.3333333333333333,0.6660406885758998,0.0,33.30203442879499,low
1283-2538,เครื่องตัดหญ้าแบบใบมีดหมุนเหวี่ยงตามแนวระดับสำหรับรถแทรกเตอร์ล้อยางเพื่อการเกษตร,2025-11-01,1,0.0,0.5,1.0,0.0,50.0,medium
1284-2560,ตู้เหล็กเก็บสัมภาระ,2025-11-01,9,0.0,0.1,0.19849765258215962,0.0,9.924882629107982,low
1288-2538,วงกบและกรอบบานโลหะสำหรับประตูและหน้าต่าง : ประตูเหล็กกล้าขึ้นรูปเย็น,2025-11-01,19,0.0,0.05,0.09830985915492958,0.0,4.915492957746479,low
13-2566,กรดซัลฟิวริกสำหรับแบตเตอรี่ชนิดตะกั่ว-กรด,2025-11-01,2,0.0,0.3333333333333333,0.6660406885758998,0.0,33.30203442879499,low
1303-2538,เหล็กโครงสร้างรูปพรรณเชื่อมประกอบ,2025-11-01,3,0.0,0.25,0.4990610328638498,0.0,24.953051643192488,low
1306-2566,พอลิโพรพิลีนเรซิน,2025-11-01,3,0.0,0.25,0.4990610328638498,0.0,24.953051643192488,low
131-2523,รองเท้าแตะฟองน้ำ,2025-11-01,2,0.0,0.3333333333333333,0.6660406885758998,0.0,33.30203442879499,low
1316-2562,ชั้นโลหะวางของ,2025-11-01,1,0.0,0.5,1.0,0.0,50.0,medium
1318-2552,ทินเนอร์ระเหยช้า,2025-11-01,1,0.0,0.5,1.0,0.0,50.0,medium
132-2564,รองเท้าผ้าใบ,2025-11-01,1,0.0,0.5,1.0,0.0,50.0,medium
1326-2560,เครื่องเรือนสำหรับที่พักอาศัย : ตู้เหล็กเก็บเสื้อผ้า,2025-11-01,4,0.0,0.2,0.39887323943661973,0.0,19.943661971830988,low
133-2562,ปูนซีเมนต์ปอร์ตแลนด์ขาว,2025-11-01,6,0.8333331944444675,0.14285714285714285,0.28437290409121396,0.8333332042483874,55.885305416980074,medium
1342-2539,น้ำตาลทรายแดง,2025-11-01,1,0.0,0.5,1.0,0.0,50.0,medium
1344-2560,กระจกโฟลตสีตัดแสง,2025-11-01,26,0.9069767336398055,0.037037037037037035,0.07233524604416622,0.90697674431012,48.96559951771431,medium
1350-2539,รถแทรกเตอร์เดินตาม,2025-11-01,1,0.0,0.5,1.0,0.0,50.0,medium
1368-2539,ประตูระบายอากาศสำหรับงานประปา,2025-11-01,16,0.0,0.058823529411764705,0.115990057995029,0.0,5.79950289975145,low
1377-2555,ก๊อกน้ำปิดอัตโนมัติสำหรับอ่างล้างหน้า-ล้างมือ,2025-11-01,2,0.0,0.3333333333333333,0.6660406885758998,0.0,33.30203442879499,low
1378-2559,เหล็กกล้าไร้สนิมทรงแบนรีดเย็น แผ่นม้วน แผ่นแถบ และแผ่นตัด,2025-11-01,1,0.0,0.5,1.0,0.0,50.0,medium
1379-2551,ถังเก็บน้ำพลาสติก,2025-11-01,36,0.0,0.02702702702702703,0.05227762974241847,0.0,2.6138814871209237,low
138-2562,ลวดผูกเหล็ก,2025-11-01,6,0.0,0.14285714285714285,0.28437290409121396,0.0,14.218645204560698,low
1388-2539,ทองแดงและทองแดงเจือแผ่นและแผ่นแถบ,2025-11-01,1,0.0,0.5,1.0,0.0,50.0,medium
1389-2559,เครื่องอบผ้า คุณลักษณะที่ต้องการด้านความปลอดภัย,2025-11-01,34,0.9325842591844465,0.02857142857142857,0.05537223340040241,0.9325842701560261,49.397825177821424,medium
1390-2560,เข็มพืดเหล็กกล้ารีดร้อน,2025-11-01,7,0.8749998906250137,0.125,0.24859154929577465,0.87499990091913,56.17957251074523,medium
1394-2561,สายดูดเสมหะสำหรับใช้ครั้งเดียว,2025-11-01,5,0.0,0.16666666666666666,0.3320813771517997,0.0,16.604068857589986,low
1395-2562,บล็อกแก้วกลวง,2025-11-01,1,0.0,0.5,1.0,0.0,50.0,medium
1398-2565,เข็มฉีดยาผ่านใต้ผิวหนังปราศจากเชื้อชนิดใช้ครั้งเดียว,2025-11-01,1,0.0,0.5,1.0,0.0,50.0,medium
14-2565,มอโนโซเดียม แอล-กลูทาเมต,2025-11-01,3,0.0,0.25,0.4990610328638498,0.0,24.953051643192488,low
1404-2540,ที่นอนฟองน้ำโพลิยูรีเทน,2025-11-01,1,0.0,0.5,1.0,0.0,50.0,medium
1406-2564,สีเคลือบด้านแอลคีด,2025-11-01,2,0.0,0.3333333333333333,0.6660406885758998,0.0,33.30203442879499,low
1407-2540,กระเบื้องซีเมนต์เส้นใยแผ่นลอน,2025-11-01,5,0.0,0.16666666666666666,0.3320813771517997,0.0,16.604068857589986,low
1413-2540,ประตูน้ำเหล็กหล่อ : ลิ้นยกแบบลิ้นหุ้มยางสำหรับงานประปา,2025-11-01,3,0.0,0.25,0.4990610328638498,0.0,24.953051643192488,low
1414-2540,แผงรั้วโลหะ,2025-11-01,2,0.0,0.3333333333333333,0.6660406885758998,0.0,33.30203442879499,low
1419-2540,เครื่องกรองน้ำชนิดใช้ถ่านกัมมันต์เม็ดและเรซินแลกเปลี่ยนแคตไอออน,2025-11-01,3,0.0,0.25,0.4990610328638498,0.0,24.953051643192488,low
1420-2551,ไส้กรองความขุ่นสำหรับเครื่องกรองน้ำดื่ม,2025-11-01,4,0.0,0.2,0.39887323943661973,0.0,19.943661971830988,low
1424-2540,เครื่องเรือนสำหรับสำนักงาน: ฉากกั้นห้อง,2025-11-01,1,0.0,0.5,1.0,0.0,50.0,medium
1425-2540,ที่นอนยางฟองน้ำลาเทกซ์,2025-11-01,2,0.0,0.3333333333333333,0.6660406885758998,0.0,33.30203442879499,low
1427-2561,แผ่นซีเมนต์เส้นใย : แผ่นเรียบ,2025-11-01,7,0.0,0.125,0.24859154929577465,0.0,12.429577464788732,low
1436 เล่ม 2-2564,ชุดประกอบสวิตช์เกียร์และเกียร์ควบคุมไฟฟ้าแรงดันต่ำ เล่ม 2 ชุดสวิตช์เกียร์และชุดเกียร์ควบคุม,2025-11-01,28,0.0,0.034482758620689655,0.06721709567751336,0.0,3.3608547838756677,low
1436 เล่ม 3-2564,ชุดประกอบสวิตช์เกียร์และเกียร์ควบคุมไฟฟ้าแรงดันต่ำ เล่ม 3 บอร์ดจ่ายไฟฟ้าประสงค์ให้ใช้งานโดยบุคคลทั่วไป,2025-11-01,36,0.0,0.02702702702702703,0.05227762974241847,0.0,2.6138814871209237,low
1439-2558,ท่อเหล็กกล้าไร้สนิมออสเทไนต์สำหรับหม้อน้ำเครื่องกำเนิดไอน้ำยวดยิ่ง เครื่องแลกเปลี่ยนความร้อน และเครื่องควบแน่น,2025-11-01,2,0.0,0.3333333333333333,0.6660406885758998,0.0,33.30203442879499,low
1462-2562,เครื่องซักผ้าใช้ในที่อยู่อาศัย-คุณลักษณะที่ต้องการด้านประสิทธิภาพพลังงาน,2025-11-01,41,0.8876404394647142,0.023809523809523808,0.04583053878828526,0.8876404499075429,46.673549434791404,medium
1463-2556,เครื่องซักผ้าใช้ในที่อยู่อาศัย - คุณลักษณะที่ต้องการด้านความปลอดภัย,2025-11-01,55,0.8806818131779443,0.017857142857142856,0.03390342052313883,0.8806818235389068,45.72926220310228,medium
1479-2558,เหล็กกล้าทรงแบนรีดร้อน สำหรับงานโครงสร้างทั่วไป,2025-11-01,161,0.813999998372,0.006172839506172839,0.010490929113777312,0.8140000079484706,41.22454685311239,medium
1483-2549,ท่อไฟเบอร์กลาสส์รับความดันสำหรับงานประปา,2025-11-01,5,0.0,0.16666666666666666,0.3320813771517997,0.0,16.604068857589986,low
1484-2540,ท่อไฟเบอร์กลาสส์รับความดันสำหรับงานอุตสาหกรรมและงานระบายน้ำเสีย,2025-11-01,4,0.0,0.2,0.39887323943661973,0.0,19.943661971830988,low
1485-2540,ท่อไฟเบอร์กลาสส์ไม่รับความดันสำหรับงานอุตสาหกรรมและงานระบายน้ำเสีย,2025-11-01,3,0.0,0.25,0.4990610328638498,0.0,24.953051643192488,low
1495-2567,เครื่องเรือนสำหรับสถานศึกษา : เก้าอี้เรียน,2025-11-01,1,0.0,0.5,1.0,0.0,50.0,medium
1496-2560,เครื่องเรือนสำหรับสำนักงาน : ชุดตู้เหล็กเลื่อน,2025-11-01,4,0.0,0.2,0.39887323943661973,0.0,19.943661971830988,low
1497-2548,ชุดหัวฉีดชะล้าง,2025-11-01,9,0.0,0.1,0.19849765258215962,0.0,9.924882629107982,low
1499-2563,เหล็กกล้าทรงแบนรีดร้อน สำหรับงานโครงสร้างเชื่อมประกอบ,2025-11-01,52,0.7012986921909261,0.018867924528301886,0.035928780228541055,0.701298700441499,36.861374033502,low
15-2562,ปูนซีเมนต์ปอร์ตแลนด์,2025-11-01,21,0.4999999833333339,0.045454545454545456,0.0892018779342723,0.49999998921568667,29.46009335749795,low
150-2562,โซเดียมไฮดรอกไซด์สำหรับอุตสาหกรรม,2025-11-01,6,0.0,0.14285714285714285,0.28437290409121396,0.0,14.218645204560698,low
1500-2541,บานประตูรั้วโลหะ,2025-11-01,2,0.0,0.3333333333333333,0.6660406885758998,0.0,33.30203442879499,low
1501-2564,เหล็กกล้าทรงแบนรีดร้อน สำหรับงานโครงสร้างเครื่องจักรกล,2025-11-01,40,0.6666666560846563,0.024390243902439025,0.0469941600824459,0.6666666639277934,35.683041200511965,low
1505-2541,ชิ้นส่วนคอนกรีตมวลเบาแบบมีฟองอากาศ-อบไอน้ำ,2025-11-01,11,0.0,0.08333333333333333,0.1651017214397496,0.0,8.25508607198748,low
1510-2541,แผ่นคอนกรีตมวลเบาเสริมเหล็กแบบมีฟองอากาศ-อบไอน้ำ,2025-11-01,2,0.0,0.3333333333333333,0.6660406885758998,0.0,33.30203442879499,low
1512-2563,สีย้อมไม้ชนิดน้ำ,2025-11-01,2,0.0,0.3333333333333333,0.6660406885758998,0.0,33.30203442879499,low
1513-2563,สีย้อมเคลือบไม้ชนิดตัวทำละลาย,2025-11-01,5,0.0,0.16666666666666666,0.3320813771517997,0.0,16.604068857589986,low
1521-2541,กาวสำหรับกระดาษ,2025-11-01,3,0.0,0.25,0.4990610328638498,0.0,24.953051643192488,low
1529-2561,เครื่องปรับอากาศ คุณลักษณะที่ต้องการด้านความปลอดภัย,2025-11-01,89,0.7697841671238549,0.011111111111111112,0.02038601982263954,0.7697841761801393,39.50850980013894,low
153-2565,อิฐกลวงก่อแผงไม่รับน้ำหนัก,2025-11-01,7,0.0,0.125,0.24859154929577465,0.0,12.429577464788732,low
155-2562,น้ำหวานเข้มข้น,2025-11-01,1,0.0,0.5,1.0,0.0,50.0,medium
156-2518,พิวเตอร์,2025-11-01,2,0.0,0.3333333333333333,0.6660406885758998,0.0,33.30203442879499,low
1561-2556,บริภัณฑ์เทคโนโลยีสารสนเทศ - ความปลอดภัย เล่ม 1 คุณลักษณะที่ต้องการทั่วไป,2025-11-01,1,0.0,0.5,1.0,0.0,50.0,medium
1568-2541,บานประตูโพลิเอสเตอร์เสริมใยแก้ว,2025-11-01,8,0.0,0.1111111111111111,0.22076160667709963,0.0,11.038080333854982,low
1569-2541,วงกบโพลิเอสเตอร์เสริมใยแก้วสำหรับประตู,2025-11-01,3,0.0,0.25,0.4990610328638498,0.0,24.953051643192488,low
158-2518,กระเบื้องดินเผามุงหลังคา,2025-11-01,3,0.0,0.25,0.4990610328638498,0.0,24.953051643192488,low
1580-2541,บัตรชี้บ่งลักษณะเฉพาะตัว - ลักษณะสมบัติทางกายภาพ,2025-11-01,1,0.0,0.5,1.0,0.0,50.0,medium
163-2535,ลวดเหล็กกล้าคาร์บอนต่ำอบอ่อน,2025-11-01,2,0.0,0.3333333333333333,0.6660406885758998,0.0,33.30203442879499,low
1641-2552,เตาย่าง เตาปิ้ง และเครื่องทำอาหารเคลื่อนย้ายได้ที่คล้ายกัน เฉพาะด้านความปลอดภัย,2025-11-01,187,0.9524539862692424,0.005319148936170213,0.008780341624213366,0.9524539974745834,48.06171695493984,medium
165-2554,สารส้ม,2025-11-01,16,0.0,0.058823529411764705,0.115990057995029,0.0,5.79950289975145,low
1651-2541,วงกบและกรอบบานโลหะสำหรับประตูและหน้าต่าง : วงกบเหล็กกล้า,2025-11-01,21,0.0,0.045454545454545456,0.0892018779342723,0.0,4.460093896713615,low
166-2549,เต้าเสียบและเต้ารับสำหรับใช้ในที่อยู่อาศัยและงานทั่วไปที่มีจุดประสงค์คล้ายกัน : เต้าเสียบและเต้ารับที่มีแรงดันไฟฟ้าที่กำหนดไม่เกิน 250 โวลต์,2025-11-01,143,0.7111111079506173,0.006944444444444444,0.012037037037037035,0.7111111163166304,36.15740766768337,low
167-2528,อิฐประดับคัลเซียมซิลิเกตหรืออิฐปูนขาวทราย,2025-11-01,1,0.0,0.5,1.0,0.0,50.0,medium
1677-2541,แท่นประทับตรา,2025-11-01,2,0.0,0.3333333333333333,0.6660406885758998,0.0,33.30203442879499,low
1678-2541,หมึกประทับตรา,2025-11-01,1,0.0,0.5,1.0,0.0,50.0,medium
1693-2547,เครื่องทำน้ำร้อนไฟฟ้า น้ำผ่านร้อนทันที เฉพาะด้านความปลอดภัย,2025-11-01,64,0.6553398026439815,0.015384615384615385,0.02894907908992416,0.6553398103538616,34.21444447218929,low
17-2561,ท่อพีวีซีแข็งสำหรับใช้เป็นท่อน้ำดื่ม,2025-11-01,39,0.0238095232426304,0.025,0.048215962441314555,0.02380952352274244,3.60127429820285,low
173-2529,ยางฟองน้ำลาเทกซ์,2025-11-01,1,0.0,0.5,1.0,0.0,50.0,medium
1732-2558,กระจกเงา,2025-11-01,2,0.0,0.3333333333333333,0.6660406885758998,0.0,33.30203442879499,low
1735-2563,เหล็กกล้าแผ่นม้วนรีดร้อน สำหรับงานท่อ,2025-11-01,23,0.611111094135803,0.041666666666666664,0.08161189358372456,0.6111111013253453,34.636149745453494,low
1745-2547,ผลิตภัณฑ์ซักผ้าชนิดเหลว,2025-11-01,3,0.0,0.25,0.4990610328638498,0.0,24.953051643192488,low
1746-2545,แอมโมเนียมไนเทรตสำหรับทำวัตถุระเบิดแอนโฟ,2025-11-01,19,0.9780219672744839,0.05,0.09830985915492958,0.9780219787806247,53.816591896777716,medium
175-2562,ไนโตรเจน,2025-11-01,7,0.0,0.125,0.24859154929577465,0.0,12.429577464788732,low
176-2561,น้ำมันถั่วเหลืองสำหรับบริโภค,2025-11-01,3,0.0,0.25,0.4990610328638498,0.0,24.953051643192488,low
1773-2548,เตาไมโครเวฟสำหรับใช้ในที่อยู่อาศัย เฉพาะด้านความปลอดภัย,2025-11-01,55,0.8536585339827484,0.017857142857142856,0.03390342052313883,0.85365854402579,44.37809822744644,medium
1776-2566,มอร์ตาร์สำหรับฉาบ,2025-11-01,9,0.0,0.1,0.19849765258215962,0.0,9.924882629107982,low
1777-2558,แคโพรแล็กแทมสำหรับอุตสาหกรรม,2025-11-01,1,0.0,0.5,1.0,0.0,50.0,medium
178-2549,แผ่นไม้อัด,2025-11-01,12,0.0,0.07692307692307693,0.15225713253882267,0.0,7.6128566269411335,low
18-2529,กระเบื้องซีเมนต์ใยหินแผ่นลอน : ลอนลูกฟูก,2025-11-01,4,0.0,0.2,0.39887323943661973,0.0,19.943661971830988,low
181-2530,กาวโพลิไวนิลอะซีเทตอิมัลชัน,2025-11-01,1,0.0,0.5,1.0,0.0,50.0,medium
182-2562,สำลีที่ใช้ในการแพทย์,2025-11-01,5,0.0,0.16666666666666666,0.3320813771517997,0.0,16.604068857589986,low
183-2562,โกลว์สตาร์ตเตอร์สำหรับหลอดฟลูออเรสเซนซ์,2025-11-01,1,0.9999990000010001,0.5,1.0,0.9999990117656942,99.99995058828472,high
1878-2550,เครื่องจ่ายเชิงพาณิชย์และเครื่องขายสินค้าอัตโนมัติ เฉพาะด้านความปลอดภัย,2025-11-01,2,0.0,0.3333333333333333,0.6660406885758998,0.0,33.30203442879499,low
188-2547,ปูนยิปซัมสำหรับการก่อสร้าง,2025-11-01,2,0.0,0.3333333333333333,0.6660406885758998,0.0,33.30203442879499,low
1884-2564,เหล็กกล้าทรงแบนรีดร้อน ทนแรงดึงสูงที่ปรับปรุงสมบัติการขึ้นรูป สำหรับงานโครงสร้างรถยนต์,2025-11-01,55,0.7674418545159546,0.017857142857142856,0.03390342052313883,0.7674418635446824,40.06726420339106,medium
194-2535,ลวดเหล็กกล้าคาร์บอนต่ำ,2025-11-01,28,0.0,0.034482758620689655,0.06721709567751336,0.0,3.3608547838756677,low
1955-2551,บริภัณฑ์ส่องสว่างและบริภัณฑ์ที่คล้ายกัน : ขีดจำกัดสัญญาณรบกวนวิทยุ,2025-11-01,1066,0.8413264395005657,0.0009372071227741331,0.0,0.8413264493985239,42.06632246992619,medium
1956-2553,บริภัณฑ์เทคโนโลยีสารสนเทศ : ขีดจำกัดสัญญาณรบกวนวิทยุ,2025-11-01,5,0.0,0.16666666666666666,0.3320813771517997,0.0,16.604068857589986,low
1984-2543,แผ่นยิปซัมเสริมใยแก้ว,2025-11-01,1,0.0,0.5,1.0,0.0,50.0,medium
199-2534,ซิป,2025-11-01,1,0.0,0.5,1.0,0.0,50.0,medium
1999-2560,เหล็กกล้าทรงแบนรีดร้อน สำหรับงานโครงสร้างรถยนต์,2025-11-01,85,0.7605633767109701,0.011627906976744186,0.0214215525712414,0.7605633856587746,39.0992469115008,low
20-2559,เหล็กเส้นเสริมคอนกรีต : เหล็กเส้นกลม,2025-11-01,34,0.0,0.02857142857142857,0.05537223340040241,0.0,2.7686116700201207,low
200-2536,ลวดเสียบกระดาษ,2025-11-01,1,0.0,0.5,1.0,0.0,50.0,medium
2011-2563,เหล็กกล้าทรงแบนรีดร้อน ที่ต้านการกัดกร่อนได้ดีในบรรยากาศ,2025-11-01,1,0.0,0.5,1.0,0.0,50.0,medium
2012-2558,เหล็กกล้าทรงแบนรีดเย็น สำหรับงานทั่วไปและงานดึงขึ้นรูป,2025-11-01,141,0.8015872994667003,0.007042253521126761,0.012233022548436157,0.8015873088971391,40.69101657227876,medium
205-2530,พัดลมไฟฟ้ากระแสสลับชนิดแขวนเพดาน,2025-11-01,2,0.0,0.3333333333333333,0.6660406885758998,0.0,33.30203442879499,low
2060-2560,เหล็กกล้าทรงแบนรีดร้อน สำหรับงานถังก๊าซ,2025-11-01,10,0.4999999750000012,0.09090909090909091,0.18028169014084508,0.49999998088235387,34.01408355115995,low
2062-2558,กระติกน้ำร้อนไฟฟ้า คุณลักษณะที่ต้องการด้านความปลอดภัย,2025-11-01,40,0.7199999856000003,0.024390243902439025,0.0469941600824459,0.7199999940705885,38.34970770765172,low
2066-2552,ฝักบัวอาบน้ำ เฉพาะด้านสิ่งแวดล้อม : การประหยัดน้ำ,2025-11-01,214,0.9306930677711336,0.004651162790697674,0.007441860465116279,0.9306930787204638,46.906746959279005,medium
2067-2552,ก๊อกน้ำสำหรับเครื่องสุขภัณฑ์ เฉพาะด้านสิ่งแวดล้อม : การประหยัดน้ำ,2025-11-01,173,0.8650088794582436,0.005747126436781609,0.0096379040526685,0.8650088896348186,43.73233968437435,medium
207-2562,คลอรีนเหลว,2025-11-01,5,0.0,0.16666666666666666,0.3320813771517997,0.0,16.604068857589986,low
208-2566,ตาข่ายลวดเหล็กเคลือบสังกะสี,2025-11-01,1,0.0,0.5,1.0,0.0,50.0,medium
2083-2544,ผลิตภัณฑ์ทำความสะอาดสำหรับกระเบื้องและเครื่องสุขภัณฑ์เซรามิก ประเภทสารลดแรงตึงผิว,2025-11-01,1,0.0,0.5,1.0,0.0,50.0,medium
2084-2552,กระบอกฉีดอินซูลินปราศจากเชื้อชนิดใช้ครั้งเดียว,2025-11-01,1,0.0,0.5,1.0,0.0,50.0,medium
2085-2556,เกลือบริโภคเสริมไอโอดีน,2025-11-01,1,0.0,0.5,1.0,0.0,50.0,medium
2086-2556,เกลือบริโภคบริสุทธิ์เสริมไอโอดีน,2025-11-01,2,0.0,0.3333333333333333,0.6660406885758998,0.0,33.30203442879499,low
2090-2564,เบียร์,2025-11-01,1,0.0,0.5,1.0,0.0,50.0,medium
21-2515,เครื่องเงิน,2025-11-01,2,0.0,0.3333333333333333,0.6660406885758998,0.0,33.30203442879499,low
2107-2544,หัวดับเพลิงไม่มีประตูน้ำ,2025-11-01,2,0.0,0.3333333333333333,0.6660406885758998,0.0,33.30203442879499,low
2109 เล่ม 2-2559,ฟิวส์แรงดันไฟฟ้าต่ำ เล่ม 2 คุณลักษณะที่ต้องการเพิ่มเติมสำหรับฟิวส์ที่ใช้โดยบุคคลที่ได้รับอนุญาต (ฟิวส์สำหรับใช้ในงานอุตสาหกรรมเป็นหลัก) - ตัวอย่างของระบบฟิวส์มาตรฐาน A ถึง K,2025-11-01,4,0.0,0.2,0.39887323943661973,0.0,19.943661971830988,low
2115-2545,ไม้พื้นอัดซ้อนเคลือบผิวสำเร็จ,2025-11-01,1,0.0,0.5,1.0,0.0,50.0,medium
2117-2545,ผลิตภัณฑ์ทำความสะอาดเครื่องครัว,2025-11-01,1,0.0,0.5,1.0,0.0,50.0,medium
2118-2545,ที่รองนั่งและฝาพลาสติกสำหรับโถส้วม,2025-11-01,1,0.0,0.5,1.0,0.0,50.0,medium
213-2560,คอนกรีตผสมเสร็จ,2025-11-01,962,0.0,0.0010384215991692627,0.00020280910105840988,0.0,0.010140455052920494,low
2132-2564,เหล็กแผ่นเคลือบสังกะสีโดยกรรมวิธีจุ่มร้อน และเคลือบสี : แผ่นลอน,2025-11-01,2,0.0,0.3333333333333333,0.6660406885758998,0.0,33.30203442879499,low
2133-2545,ท่อเหล็กกล้าอ่อนเคลือบสังกะสีสำหรับร้อยสายไฟฟ้า,2025-11-01,1,0.0,0.5,1.0,0.0,50.0,medium
2134-2553,เครื่องปรับอากาศสำหรับห้อง : ประสิทธิภาพพลังงาน,2025-11-01,104,0.20414847139285103,0.009523809523809525,0.017205454951933825,0.20414847379459775,11.067696437326578,low
2135-2545,เถ้าลอยจากถ่านหินใช้เป็นวัสดุผสมคอนกรีต,2025-11-01,1,0.0,0.5,1.0,0.0,50.0,medium
2136-2545,แอนทราไซต์สำหรับกรองน้ำ,2025-11-01,2,0.0,0.3333333333333333,0.6660406885758998,0.0,33.30203442879499,low
2137-2559,เครื่องแบบนักเรียน : ข้อกำหนดทั่วไป,2025-11-01,11,0.0,0.08333333333333333,0.1651017214397496,0.0,8.25508607198748,low
2138-2559,เครื่องแบบนักเรียน : ผ้าเครื่องแบบนักเรียน,2025-11-01,1,0.0,0.5,1.0,0.0,50.0,medium
214-2560,กระดาษชำระ,2025-11-01,2,0.0,0.3333333333333333,0.6660406885758998,0.0,33.30203442879499,low
2140-2560,เหล็กกล้าทรงแบนรีดเย็น สำหรับงานรถยนต์,2025-11-01,57,0.7165354274288549,0.017241379310344827,0.03266958070260644,0.7165354358586835,37.460250828064495,low
2141-2546,อ่างอาบน้ำอะคริลิกเสริมใยแก้ว,2025-11-01,2,0.0,0.3333333333333333,0.6660406885758998,0.0,33.30203442879499,low
2143 เล่ม 1-2567,สายไฟฟ้าแรงดันสูงหุ้มฉนวนและอุปกรณ์ส่วนควบใช้กับแรงดันไฟฟ้าที่กำหนดตั้งแต่ 1 kV ถึงไม่เกิน 30 kV เล่ม 1 สายไฟฟ้าใช้กับแรงดันไฟฟ้าที่กำหนด 1 kV และ 3 kV,2025-11-01,2,0.0,0.3333333333333333,0.6660406885758998,0.0,33.30203442879499,low
2147-2546,ก๊อกน้ำอัตโนมัติสำหรับเครื่องสุขภัณฑ์,2025-11-01,2,0.0,0.3333333333333333,0.6660406885758998,0.0,33.30203442879499,low
2148-2546,ก๊อกน้ำอัตโนมัติสำหรับเครื่องสุขภัณฑ์ เฉพาะด้านสิ่งแวดล้อม : การประหยัดน้ำ,2025-11-01,1,0.0,0.5,1.0,0.0,50.0,medium
2149-2546,ก๊อกน้ำติดผนังสำหรับห้องน้ำ,2025-11-01,5,0.0,0.16666666666666666,0.3320813771517997,0.0,16.604068857589986,low
2150-2564,พอลิอะลูมิเนียมคลอไรด์ชนิดเหลว,2025-11-01,8,0.0,0.1111111111111111,0.22076160667709963,0.0,11.038080333854982,low
2151-2555,พอลิยูรีเทนเคลือบผิวชนิดแยกส่วนผสมสองส่วนใช้งานทั่วไป,2025-11-01,3,0.0,0.25,0.4990610328638498,0.0,24.953051643192488,low
2156-2547,มอดิฟายด์แอสฟัลต์ซีเมนต์สำหรับงานทาง,2025-11-01,7,0.0,0.125,0.24859154929577465,0.0,12.429577464788732,low
2157-2547,มอดิฟายด์แอสฟัลต์อิมัลชันสำหรับงานทาง,2025-11-01,8,0.0,0.1111111111111111,0.22076160667709963,0.0,11.038080333854982,low
216-2524,ท่อพีวีซีแข็งสำหรับใช้ร้อยสายไฟฟ้าและสายโทรศัพท์,2025-11-01,38,0.0,0.02564102564102564,0.049500421331407245,0.0,2.475021066570362,low
2165-2561,เคเบิลเส้นใยนำแสง เล่ม 3(10) : เคเบิลภายนอกอาคาร - ข้อกำหนดคุณลักษณะเป็นรายกลุ่ม สำหรับเคเบิลเส้นใยนำแสงโทรคมนาคมชนิดติดตั้งในท่อร้อยสาย ฝังดินโดยตรง และแขวนในอากาศโดยใช้ลวดพัน,2025-11-01,23,0.8214285420918378,0.041666666666666664,0.08161189358372456,0.8214285517557031,45.15202226697138,medium
2166-2548,เคเบิลเส้นใยนำแสง เล่ม 3-20 : เคเบิลภายนอกอาคาร -ข้อกำหนดคุณลักษณะเป็นรายกลุ่มสำหรับเคเบิลเส้นใยนำแสงโทรคมนาคม แขวนในอากาศรับน้ำหนักตัวเองได้,2025-11-01,88,0.8586956490626969,0.011235955056179775,0.020636176610223135,0.8586956591649987,43.96659178876109,medium
217-2556,กรดไฮโดรคลอริกสำหรับอุตสาหกรรม,2025-11-01,6,0.0,0.14285714285714285,0.28437290409121396,0.0,14.218645204560698,low
218-2520,อะลูมิเนียมชุบผิว,2025-11-01,6,0.0,0.14285714285714285,0.28437290409121396,0.0,14.218645204560698,low
2186-2561,ตู้เย็นและตู้เย็นแบบมีช่องแช่เยือกแข็งสำหรับใช้ในที่อยู่อาศัย ข้อกำหนดด้านสิ่งแวดล้อม : ประสิทธิภาพพลังงาน,2025-11-01,43,0.8640776615138092,0.022727272727272728,0.04366197183098591,0.8640776716794287,45.386982175520735,medium
219-2566,แผ่นยิปซัม,2025-11-01,6,0.0,0.14285714285714285,0.28437290409121396,0.0,14.218645204560698,low
2202-2547,สายไฟฟ้าแรงดันสูงหุ้มด้วยฉนวนครอสลิงกด์พอลิเอทิลีน สำหรับแรงดันไฟฟ้าที่กำหนดตั้งแต่ 60 กิโลโวลต์ ถึง 115 กิโลโวลต์,2025-11-01,6,0.11111109876543349,0.14285714285714285,0.28437290409121396,0.11111110007262288,19.774200208191843,low
2203-2558,กระจกลวดลาย,2025-11-01,1,0.0,0.5,1.0,0.0,50.0,medium
221-2558,ซิงก์ออกไซด์สำหรับอุตสาหกรรมทั่วไป,2025-11-01,1,0.0,0.5,1.0,0.0,50.0,medium
2214-2561,ตู้เย็นและตู้เย็นแบบมีช่องแช่เยือกแข็ง สำหรับใช้ในที่อยู่อาศัย ข้อกำหนดด้านความปลอดภัย,2025-11-01,48,0.8833333259722222,0.02040816326530612,0.039015042636773016,0.883333336364379,46.1174189500576,medium
2217-2548,เซลล์และแบตเตอรี่ทุติยภูมิที่มีอิเล็กโทรไลต์แอลคาไลน์หรืออิเล็กโทรไลต์อื่นที่ไม่ใช่กรด สำหรับการใช้งานแบบพกพา เฉพาะด้านความปลอดภัย,2025-11-01,412,0.9941724935931395,0.002421307506053269,0.00297377485250486,0.9941725052892866,49.85731400708957,medium
2223-2565,เหล็กกล้าทรงแบนเคลือบสังกะสี โดยกรรมวิธีทางไฟฟ้า,2025-11-01,79,0.5982905931770035,0.0125,0.023169014084507042,0.5982906002157163,31.07298071501117,low
2224-2548,ผลิตภัณฑ์ขจัดคราบน้ำมัน,2025-11-01,5,0.0,0.16666666666666666,0.3320813771517997,0.0,16.604068857589986,low
2226-2548,แผ่นผนังคอนกรีตสำเร็จรูป,2025-11-01,3,0.0,0.25,0.4990610328638498,0.0,24.953051643192488,low
2228-2565,เหล็กกล้าทรงแบนเคลือบอะลูมิเนียม 55% ผสมสังกะสีโดยกรรมวิธีจุ่มร้อน,2025-11-01,81,0.7829457303647618,0.012195121951219513,0.022558112905072713,0.7829457395758881,40.27519262404804,medium
2234-2557,หลอดมีบัลลาสต์ในตัวสำหรับการให้แสงสว่างทั่วไป - คุณลักษณะที่ต้องการด้านความปลอดภัย,2025-11-01,11,0.9411764152249167,0.08333333333333333,0.1651017214397496,0.9411764262975804,55.3139073868665,medium
2235-2557,หลอดฟลูออเรสเซนซ์ขั้วเดี่ยว - คุณลักษณะที่ต้องการด้านความปลอดภัย,2025-11-01,5,0.8888887901234679,0.16666666666666666,0.3320813771517997,0.8888888005809831,61.04850888663914,medium
224-2533,ท่อคอนกรีตไม่เสริมเหล็กสำหรับงานระบายน้ำ,2025-11-01,7,0.0,0.125,0.24859154929577465,0.0,12.429577464788732,low
2241-2548,สีเคลือบเงาอะคริลิกเรซิน,2025-11-01,3,0.0,0.25,0.4990610328638498,0.0,24.953051643192488,low
2243-2564,เหล็กลวดคาร์บอนสำหรับงานย้ำหัวและงานทุบขึ้นรูปเย็น,2025-11-01,1,0.0,0.5,1.0,0.0,50.0,medium
225-2562,ไฮโปคลอไรต์,2025-11-01,11,0.0,0.08333333333333333,0.1651017214397496,0.0,8.25508607198748,low
2253-2548,ข้อต่อเหล็กหล่อแกรไฟต์กลมสำหรับท่อส่งน้ำชนิดทนความดัน,2025-11-01,12,0.0,0.07692307692307693,0.15225713253882267,0.0,7.6128566269411335,low
2254-2561,สีเท็กซ์เจอร์,2025-11-01,1,0.0,0.5,1.0,0.0,50.0,medium
2261-2549,เสื้อชั้นในชาย,2025-11-01,5,0.0,0.16666666666666666,0.3320813771517997,0.0,16.604068857589986,low
2274-2549,ผลิตภัณฑ์ฟอกผ้าประเภทเพอร์ออกไซด์,2025-11-01,1,0.0,0.5,1.0,0.0,50.0,medium
229-2540,อะเซทิลีน,2025-11-01,1,0.0,0.5,1.0,0.0,50.0,medium
23-2558,บัลลาสต์สำหรับหลอดฟลูออเรสเซนซ์ - คุณลักษณะที่ต้องการด้านความปลอดภัย,2025-11-01,5,0.399999920000016,0.16666666666666666,0.3320813771517997,0.3999999247058974,36.60406509288485,low
2303-2564,แผ่นฉนวนความร้อนใยแร่,2025-11-01,1,0.0,0.5,1.0,0.0,50.0,medium
2311-2549,ถังบรรจุก๊าซ-ถังทนความดันสูงสำหรับบรรจุก๊าซธรรมชาติที่ใช้เป็นเชื้อเพลิงสำหรับพาหนะรถยนต์,2025-11-01,2,0.0,0.3333333333333333,0.6660406885758998,0.0,33.30203442879499,low
2312-2549,เตาหุงต้มในครัวเรือนใช้กับก๊าซปิโตรเลียมเหลว,2025-11-01,3,0.0,0.25,0.4990610328638498,0.0,24.953051643192488,low
2316-2549,เสาเหล็กกล้าเคลือบสังกะสีสำหรับไฟฟ้าแสงสว่าง,2025-11-01,60,0.0,0.01639344262295082,0.030970522589086433,0.0,1.5485261294543216,low
2321-2564,สีอิมัลชันทนสภาวะอากาศ,2025-11-01,35,0.0,0.027777777777777776,0.05378195096504955,0.0,2.6890975482524775,low
2329-2562,ลูกฟุตซอล,2025-11-01,4,0.0,0.2,0.39887323943661973,0.0,19.943661971830988,low
2335-2558,ยานยนต์ประเภท M1 N1 ที่ใช้เครื่องยนต์สันดาปภายใน หรือที่ขับเคลื่อนด้วยไฟฟ้า หรือไฮบริดไฟฟ้า: สารมลพิษคาร์บอนไดออกไซด์ ความสิ้นเปลืองเชื้อเพลิง - พลังงานไฟฟ้า และระยะขับเคลื่อนด้วยไฟฟ้า,2025-11-01,2,0.0,0.3333333333333333,0.6660406885758998,0.0,33.30203442879499,low
2336-2552,มาตรพลังงานไฟฟ้ากระแสสลับ : ข้อกำหนดเฉพาะ มาตรกลไฟฟ้าสำหรับพลังงานไฟฟ้าใช้งาน (ชั้น 0.5 ชั้น 1 และ ชั้น 2),2025-11-01,15,0.0,0.0625,0.12335680751173708,0.0,6.167840375586854,low
2337-2557,บัลลาสต์สำหรับหลอดฟลูออเรสเซนซ์ : คุณลักษณะที่ต้องการด้านประสิทธิภาพพลังงาน,2025-11-01,6,0.57142848979593,0.14285714285714285,0.28437290409121396,0.571428496518618,42.7900700304916,medium
2341-2564,สายไฟฟ้าอากาศตัวนำอะลูมิเนียมหุ้มฉนวนและเปลือกครอสลิงกด์พอลิเอทิลีน สำหรับแรงดันไฟฟ้าที่กำหนด 25 kV และ 35 kV,2025-11-01,7,0.0,0.125,0.24859154929577465,0.0,12.429577464788732,low
2344-2563,สีสังเคราะห์ : สีซัลเฟอร์,2025-11-01,12,0.9374999414062536,0.07692307692307693,0.15225713253882267,0.9374999524356646,54.48785424872436,medium
2345-2550,ธูป,2025-11-01,1,0.0,0.5,1.0,0.0,50.0,medium
2346-2566,เสื้อผ้าสำเร็จรูป : ความปลอดภัยจากสีและสารเคมีที่เป็นอันตราย,2025-11-01,1,0.0,0.5,1.0,0.0,50.0,medium
2356-2550,แผ่นพีวีซีโฟมแข็ง,2025-11-01,3,0.0,0.25,0.4990610328638498,0.0,24.953051643192488,low
2357-2550,ท่ออะคริโลไนไทรล์-บิวทาไดอีน-สไตรีน (เอบีเอส) ทนความดัน,2025-11-01,1,0.0,0.5,1.0,0.0,50.0,medium
236-2548,หลอดฟลูออเรสเซนซ์ขั้วคู่,2025-11-01,2,0.0,0.3333333333333333,0.6660406885758998,0.0,33.30203442879499,low
2369-2551,กรดไนทริกสำหรับอุตสาหกรรม,2025-11-01,1,0.0,0.5,1.0,0.0,50.0,medium
237-2564,แหวนยางสำหรับท่อน้ำ,2025-11-01,3,0.0,0.25,0.4990610328638498,0.0,24.953051643192488,low
2377-2559,แผ่นยางปูพื้น,2025-11-01,7,0.0,0.125,0.24859154929577465,0.0,12.429577464788732,low
2378-2559,บล็อกยางปูพื้น,2025-11-01,2,0.0,0.3333333333333333,0.6660406885758998,0.0,33.30203442879499,low
238-2520,ถังน้ำเหล็กอาบสังกะสี,2025-11-01,1,0.0,0.5,1.0,0.0,50.0,medium
2385-2551,สายต่อใช้ในการแพทย์,2025-11-01,1,0.0,0.5,1.0,0.0,50.0,medium
2386-2555,สีรองพื้นกันสนิมซิงก์ฟอสเฟต,2025-11-01,4,0.0,0.2,0.39887323943661973,0.0,19.943661971830988,low
2387-2555,สีรองพื้นกันสนิม,2025-11-01,16,0.0,0.058823529411764705,0.115990057995029,0.0,5.79950289975145,low
239-2561,กระดาษเช็ดมือ,2025-11-01,1,0.0,0.5,1.0,0.0,50.0,medium
2391-2551,สารละลายเฟร์ริกคลอไรด์,2025-11-01,3,0.0,0.25,0.4990610328638498,0.0,24.953051643192488,low
2392-2551,เครื่องกรองน้ำดื่ม,2025-11-01,2,0.0,0.3333333333333333,0.6660406885758998,0.0,33.30203442879499,low
24-2559,เหล็กเส้นเสริมคอนกรีต : เหล็กข้ออ้อย,2025-11-01,38,0.06122448854643901,0.02564102564102564,0.049500421331407245,0.06122448926672711,5.536245529906718,low
240-2561,กระดาษเช็ดปาก,2025-11-01,1,0.0,0.5,1.0,0.0,50.0,medium
2424-2565,หน้ากากอนามัยใช้ครั้งเดียว,2025-11-01,33,0.0,0.029411764705882353,0.05705606186136426,0.0,2.8528030930682133,low
2425-2560,เครื่องตัดวงจรใช้กระแสเหลือแบบไม่มีอุปกรณ์ป้องกันกระแสเกิน สำหรับใช้ในที่อยู่อาศัยและใช้ในลักษณะที่คล้ายกัน เล่ม 1 หลักเกณฑ์ทั่วไป,2025-11-01,39,0.958333313368056,0.025,0.048215962441314555,0.9583333246425656,50.32746435419401,medium
2426-2552,เตาเผาไฟฟ้า : แบบความต้านทาน,2025-11-01,1,0.0,0.5,1.0,0.0,50.0,medium
2432-2555,เต้าเสียบและเต้ารับสำหรับใช้ในที่อยู่อาศัยและงานทั่วไปที่มีจุดประสงค์คล้ายกัน : ชุดสายพ่วง,2025-11-01,127,0.6288659761398661,0.0078125,0.013776408450704224,0.6288659835382893,32.13211959944967,low
2434-2552,สายเคเบิลโทรคมนาคม ตัวนำทองแดง หุ้มฉนวนพอลิโอเลฟิน สำหรับการติดตั้งแบบแขวนในอากาศ,2025-11-01,9,0.3846153550295881,0.1,0.19849765258215962,0.3846153595544746,29.155650606831713,low
2438-2552,ที่นอนโฟมพอลิสไตรีน,2025-11-01,2,0.0,0.3333333333333333,0.6660406885758998,0.0,33.30203442879499,low
2440-2552,เครื่องใช้เหล็กกล้าไร้สนิม: ภาชนะหุงต้มที่มีรอยประสาน,2025-11-01,11,0.06666666222222252,0.08333333333333333,0.1651017214397496,0.06666666300653619,11.58841922231429,low
2441-2562,ถังก๊าซปิโตรเลียมเหลว : ถังคอมโพสิต,2025-11-01,1,0.0,0.5,1.0,0.0,50.0,medium
2461-2565,ตู้น้ำร้อนน้ำเย็นบริโภคและตู้น้ำเย็นบริโภค เฉพาะด้านความปลอดภัย,2025-11-01,11,0.636363578512402,0.08333333333333333,0.1651017214397496,0.6363635859990323,40.073265371939094,medium
247-2552,ด้ายเย็บพอลิเอสเทอร์,2025-11-01,1,0.0,0.5,1.0,0.0,50.0,medium
2477-2552,ถุงฝายยาง,2025-11-01,2,0.0,0.3333333333333333,0.6660406885758998,0.0,33.30203442879499,low
2479-2552,ยางกันเรือกระแทกรูปท่อทรงกระบอกและรูปตัววี,2025-11-01,2,0.0,0.3333333333333333,0.6660406885758998,0.0,33.30203442879499,low
248-2567,ราวเหล็กลูกฟูกกันรถสำหรับทางสัญจร,2025-11-01,56,0.0,0.017543859649122806,0.033275677456552175,0.0,1.6637838728276086,low
2480-2562,หน้ากากใช้ครั้งเดียวชนิด N95 ลดความเสี่ยงการติดเชื้อทางการแพทย์,2025-11-01,3,0.0,0.25,0.4990610328638498,0.0,24.953051643192488,low
2481-2552,เครื่องขูดหินน้ำลายไฟฟ้า,2025-11-01,3,0.0,0.25,0.4990610328638498,0.0,24.953051643192488,low
249-2540,ข้อต่อท่อเหล็กหล่ออบเหนียวต่อด้วยเกลียว,2025-11-01,3,0.0,0.25,0.4990610328638498,0.0,24.953051643192488,low
2493 เล่ม 1-2554,ภาชนะพลาสติกบรรจุอาหารสำหรับเตาไมโครเวฟ เล่ม 1 สำหรับการอุ่น,2025-11-01,89,0.377358487006052,0.011111111111111112,0.02038601982263954,0.37735849144556366,19.887225563410162,low
2493 เล่ม 2-2556,ภาชนะพลาสติกบรรจุอาหารสำหรับเตาไมโครเวฟ เล่ม 2 สำหรับการอุ่นครั้งเดียว,2025-11-01,141,0.33898304893229914,0.007042253521126761,0.012233022548436157,0.33898305292033504,17.56080377343856,low
2502-2553,พรมทอ,2025-11-01,1,0.0,0.5,1.0,0.0,50.0,medium
2505-2553,ถุงมือยางที่ใช้ในอุตสาหกรรมอาหาร,2025-11-01,1,0.0,0.5,1.0,0.0,50.0,medium
2507-2553,ยางกันเรือกระแทกรูปตัวดีและรูปจัตุรัส,2025-11-01,3,0.0,0.25,0.4990610328638498,0.0,24.953051643192488,low
2508-2555,กระเบื้องเซรามิก,2025-11-01,208,0.9869646176368934,0.004784688995215311,0.007709414381022979,0.9869646292482418,49.73370218146324,medium
251-2554,ผ้าโปร่งดูดซึม ผ้าพันแผล และผ้าซับ,2025-11-01,4,0.0,0.2,0.39887323943661973,0.0,19.943661971830988,low
2514-2564,สีอิมัลชันลดความร้อนจากแสงอาทิตย์,2025-11-01,11,0.0,0.08333333333333333,0.1651017214397496,0.0,8.25508607198748,low
2515-2555,สีเคลือบเงาชนิดน้ำ,2025-11-01,1,0.0,0.5,1.0,0.0,50.0,medium
2517-2561,หลอดให้สารละลายทางหลอดเลือดแบบมีเข็มนำใช้ครั้งเดียว,2025-11-01,1,0.0,0.5,1.0,0.0,50.0,medium
2518-2557,ท่ออีพ็อกซีเรซินเสริมใยแก้ว สำหรับใช้ร้อยสายไฟฟ้าและสายโทรศัพท์,2025-11-01,10,0.0,0.09090909090909091,0.18028169014084508,0.0,9.014084507042254,low
2529-2555,สีจราจรชนิดน้ำ,2025-11-01,6,0.0,0.14285714285714285,0.28437290409121396,0.0,14.218645204560698,low
253-2521,แหและอวน : ไนลอนและโพลิเอทิลีน,2025-11-01,1,0.0,0.5,1.0,0.0,50.0,medium
2532-2563,สีสังเคราะห์ : สีแอซิด,2025-11-01,37,0.8591549174766914,0.02631578947368421,0.0508524833209785,0.8591549275843963,45.50037054526874,medium
2543-2555,มาตรพลังงานไฟฟ้ากระแสสลับ : ข้อกำหนดเฉพาะ มาตรอิเล็กทรอนิกส์สำหรับพลังงานใช้งาน (ชั้น 1 และชั้น 2),2025-11-01,31,0.0,0.03125,0.060739436619718305,0.0,3.036971830985915,low
2544-2555,มาตรพลังงานไฟฟ้ากระแสสลับ : ข้อกำหนดเฉพาะ มาตรอิเล็กทรอนิกส์สำหรับพลังงานใช้งาน (ชั้น 0.2S และชั้น 0.5S),2025-11-01,14,0.0,0.06666666666666667,0.1317057902973396,0.0,6.58528951486698,low
2555-2554,รถยนต์ขนาดเล็กที่ใช้เครื่องยนต์แบบจุดระเบิดด้วยประกายไฟที่ใช้ก๊าซธรรมชาติหรือก๊าซปิโตรเลียมเหลวเป็นเชื้อเพลิง เฉพาะด้านความปลอดภัย : สารมลพิษจากเครื่องยนต์ ระดับที่ 1,2025-11-01,1,0.0,0.5,1.0,0.0,50.0,medium
2559-2554,พอลิเอทิลีนคอมพาวนด์สำหรับผลิตท่อน้ำดื่ม,2025-11-01,3,0.0,0.25,0.4990610328638498,0.0,24.953051643192488,low
256-2540,ประตูน้ำเหล็กหล่อ : ลิ้นยกแบบรองลิ้นโลหะสำหรับงานประปา,2025-11-01,19,0.0,0.05,0.09830985915492958,0.0,4.915492957746479,low
257-2549,น้ำบริโภค,2025-11-01,5,0.0,0.16666666666666666,0.3320813771517997,0.0,16.604068857589986,low
2573-2555,เครื่องหมายปุ่มบนพื้นทาง : หมุดสะท้อนแสง,2025-11-01,13,0.0,0.07142857142857142,0.14124748490945674,0.0,7.062374245472837,low
258-2521,แหวนรองแบบเรียบ,2025-11-01,7,0.0,0.125,0.24859154929577465,0.0,12.429577464788732,low
2594-2567,ปูนซีเมนต์ไฮดรอลิก,2025-11-01,12,0.10526315235457093,0.07692307692307693,0.15225713253882267,0.10526315359296096,12.87601430658918,low
2595-2566,ปูนซีเมนต์สำหรับงานก่อและงานฉาบ,2025-11-01,7,0.0,0.125,0.24859154929577465,0.0,12.429577464788732,low
2599-2556,ถุงเท้าใช้งานหนัก,2025-11-01,4,0.0,0.2,0.39887323943661973,0.0,19.943661971830988,low
2600-2556,กระเบื้องหินขัดชั้นเดียว,2025-11-01,1,0.0,0.5,1.0,0.0,50.0,medium
2601-2556,คอนกรีตบล็อกมวลเบาแบบเติมฟองอากาศ,2025-11-01,11,0.0,0.08333333333333333,0.1651017214397496,0.0,8.25508607198748,low
2602-2556,กระจกนิรภัยสำหรับยานยนต์,2025-11-01,70,0.9299191349597867,0.014084507042253521,0.026343979369172783,0.9299191459000119,47.813156263459234,medium
2610-2556,ยูนิตทำฟัน,2025-11-01,7,0.0,0.125,0.24859154929577465,0.0,12.429577464788732,low
2611-2556,วัสดุโคลด์พลาสติกสำหรับทำเครื่องหมายบนผิวทาง,2025-11-01,12,0.0,0.07692307692307693,0.15225713253882267,0.0,7.6128566269411335,low
2619-2556,กระเบื้องคอนกรีตเสริมประกอบสำหรับมุงหลังคา,2025-11-01,5,0.0,0.16666666666666666,0.3320813771517997,0.0,16.604068857589986,low
2622-2556,ภาชนะและเครื่องใช้โลหะเคลือบฟลูออโรพอลิเมอร์สำหรับอาหาร,2025-11-01,58,0.9780219672744839,0.01694915254237288,0.032084029601336835,0.9780219787806247,50.50530041909808,medium
2623 เล่ม 2(1)-2560,ลูกถ้วยแขวนในระบบจำหน่ายไฟฟ้า : พอร์ซเลน,2025-11-01,7,0.0,0.125,0.24859154929577465,0.0,12.429577464788732,low
2623 เล่ม 2(2)-2560,ลูกถ้วยแขวนในระบบส่งไฟฟ้า : พอร์ซเลน,2025-11-01,3,0.0,0.25,0.4990610328638498,0.0,24.953051643192488,low
2623 เล่ม 3-2563,ลูกถ้วยไฟฟ้า เล่ม 3 ลูกถ้วยล้อ: พอร์ซเลน,2025-11-01,10,0.0,0.09090909090909091,0.18028169014084508,0.0,9.014084507042254,low
2623 เล่ม 4-2563,ลูกถ้วยไฟฟ้า เล่ม 4 : ลูกถ้วยยึดโยง: พอร์ซเลน,2025-11-01,5,0.0,0.16666666666666666,0.3320813771517997,0.0,16.604068857589986,low
2623 เล่ม 7(1)-2564,ลูกถ้วยไฟฟ้า เล่ม 7(1) ลูกถ้วยหลักรับสายไฟฟ้า : พอร์ซเลน,2025-11-01,11,0.0,0.08333333333333333,0.1651017214397496,0.0,8.25508607198748,low
2623 เล่ม 7(2)-2564,ลูกถ้วยไฟฟ้า เล่ม 7(2) ลูกถ้วยหลักก้านตรงรับสายไฟฟ้า : พอร์ซเลน,2025-11-01,8,0.0,0.1111111111111111,0.22076160667709963,0.0,11.038080333854982,low
2623 เล่ม 9-2564,ลูกถ้วยไฟฟ้า เล่ม 9 ลูกถ้วยหลักรับอุปกรณ์: พอร์ซเลน,2025-11-01,7,0.0,0.125,0.24859154929577465,0.0,12.429577464788732,low
2625-2557,สีเคลือบแอลคีด : เฉพาะด้านความปลอดภัย,2025-11-01,61,0.015384615147928998,0.016129032258064516,0.030440708768741477,0.01538461532892447,2.2912662048832972,low
2662-2557,สีพ่นยานยนต์พอลิยูรีเทนชนิดแยกส่วนผสมสองส่วน : สีพื้นรองทับหน้า,2025-11-01,8,0.0,0.1111111111111111,0.22076160667709963,0.0,11.038080333854982,low
2663-2557,สีพ่นยานยนต์พอลิยูรีเทนชนิดแยกส่วนผสมสองส่วน : สีทับหน้า,2025-11-01,9,0.0,0.1,0.19849765258215962,0.0,9.924882629107982,low
2664-2557,สารเคลือบเงาพอลิยูรีเทนชนิดแยกส่วนผสมสองส่วนสำหรับยานยนต์,2025-11-01,11,0.0,0.08333333333333333,0.1651017214397496,0.0,8.25508607198748,low
2667-2558,แผ่นยางรองรางรถไฟ,2025-11-01,1,0.0,0.5,1.0,0.0,50.0,medium
2668-2558,ยางล้อตันสำหรับรถฟอร์กลิฟต์,2025-11-01,3,0.0,0.25,0.4990610328638498,0.0,24.953051643192488,low
2676-2558,ท่อเหล็กกล้าไร้สนิมออสเทไนต์สำหรับใช้งานทั่วไป,2025-11-01,2,0.0,0.3333333333333333,0.6660406885758998,0.0,33.30203442879499,low
2682-2563,เม็ดยางใช้ทำพื้นสังเคราะห์,2025-11-01,5,0.0,0.16666666666666666,0.3320813771517997,0.0,16.604068857589986,low
2683-2563,พื้นสังเคราะห์,2025-11-01,12,0.0,0.07692307692307693,0.15225713253882267,0.0,7.6128566269411335,low
2685-2558,แผ่นอะคริลิกใช้งานทั่วไป : แผ่นหล่อต่อเนื่อง,2025-11-01,1,0.0,0.5,1.0,0.0,50.0,medium
2689-2558,ท่อเหล็กกล้าไร้สนิมออสเทไนต์สำหรับโครงสร้างงานตกแต่ง,2025-11-01,5,0.0,0.16666666666666666,0.3320813771517997,0.0,16.604068857589986,low
27-2543,ถังก๊าซปิโตรเลียมเหลว,2025-11-01,8,0.0,0.1111111111111111,0.22076160667709963,0.0,11.038080333854982,low
2701-2559,ซีเมนต์ไฮดรอลิกเกร้าต์,2025-11-01,4,0.0,0.2,0.39887323943661973,0.0,19.943661971830988,low
2703-2566,กาวซีเมนต์,2025-11-01,16,0.0,0.058823529411764705,0.115990057995029,0.0,5.79950289975145,low
2706-2559,มอร์ตาร์สำหรับก่อคอนกรีตบล็อกมวลเบา,2025-11-01,10,0.0,0.09090909090909091,0.18028169014084508,0.0,9.014084507042254,low
2707-2560,ถังก๊าซ - ถังอะลูมิเนียมเจือมีรอยเชื่อมประเภทบรรจุก๊าซซ้ำ - การออกแบบ การสร้าง และการทดสอบ,2025-11-01,1,0.0,0.5,1.0,0.0,50.0,medium
271-2563,บะหมี่กึ่งสำเร็จรูป,2025-11-01,1,0.0,0.5,1.0,0.0,50.0,medium
2718-2560,ยางล้อแบบสูบลมสำหรับรถยนต์และส่วนพ่วง,2025-11-01,117,0.9672131131685031,0.00847457627118644,0.015103047664518181,0.967213124547481,49.11580861059996,medium
2719-2560,ยางล้อแบบสูบลม สำหรับรถยนต์เชิงพาณิชย์และส่วนพ่วง,2025-11-01,136,0.9459459438154371,0.0072992700729927005,0.01274802097255063,0.9459459549442129,47.93469879583817,medium
272-2564,สีอิมัลชันใช้งานทั่วไป,2025-11-01,29,0.0,0.03333333333333333,0.06491392801251956,0.0,3.2456964006259783,low
2720-2560,ยางล้อแบบสูบลมสำหรับรถจักรยานยนต์และโมเปด,2025-11-01,84,0.8771929773263568,0.011764705882352941,0.021695664181165423,0.8771929876462742,44.944432591371985,medium
2721-2560,ยางล้อสูบลม : ข้อกำหนดด้านเสียงจากยางล้อที่สัมผัสผิวถนน การยึดเกาะถนนบนพื้นเปียก และความต้านทานการหมุน,2025-11-01,174,0.9658792638243054,0.005714285714285714,0.009572099262240109,0.9658792751875909,48.77256872249155,medium
2731-2559,แอสฟัลต์ซีเมนต์ปรับปรุงคุณภาพด้วยยางธรรมชาติ,2025-11-01,9,0.0,0.1,0.19849765258215962,0.0,9.924882629107982,low
2733-2559,น้ำยางคอมพาวด์เคลือบผ้าปูสระกักเก็บน้ำ,2025-11-01,2,0.0,0.3333333333333333,0.6660406885758998,0.0,33.30203442879499,low
2735-2559,มอร์ตาร์สำหรับฉาบคอนกรีตมวลเบา,2025-11-01,12,0.0,0.07692307692307693,0.15225713253882267,0.0,7.6128566269411335,low
2737-2559,กระจกอบแข็งด้วยความร้อน,2025-11-01,4,0.0,0.2,0.39887323943661973,0.0,19.943661971830988,low
274-2565,แป้งมันสำปะหลัง,2025-11-01,1,0.0,0.5,1.0,0.0,50.0,medium
2753-2567,เหล็กกล้าทรงแบนเคลือบอะลูมิเนียม 55% ผสมสังกะสี โดยกรรมวิธีจุ่มร้อนและเคลือบสี,2025-11-01,4,0.0,0.2,0.39887323943661973,0.0,19.943661971830988,low
276-2562,ท่อเหล็กกล้าคาร์บอนชนิดทนความดัน,2025-11-01,9,0.0,0.1,0.19849765258215962,0.0,9.924882629107982,low
2762-2559,ลูกถ้วยแยกสายไฟฟ้าพอร์ซเลนชนิดเคลือบเซรามิกพร้อมพอลิเมอร์ยึดสายไฟฟ้า,2025-11-01,2,0.0,0.3333333333333333,0.6660406885758998,0.0,33.30203442879499,low
2764-2559,ท่อลอนพอลิเอทิลีนเสริมเหล็ก,2025-11-01,2,0.0,0.3333333333333333,0.6660406885758998,0.0,33.30203442879499,low
2773-2560,รถตัดอ้อย,2025-11-01,2,0.0,0.3333333333333333,0.6660406885758998,0.0,33.30203442879499,low
2774-2560,กำมะถันสำหรับอุตสาหกรรมยาง,2025-11-01,2,0.0,0.3333333333333333,0.6660406885758998,0.0,33.30203442879499,low
2779-2562,หลอดแอลอีดีขั้วคู่ที่ออกแบบเพื่อเปลี่ยนทดแทนหลอดฟลูออเรสเซนซ์ชนิดตรง-คุณลักษณะที่ต้องการด้านความปลอดภัย,2025-11-01,112,0.9060402623755687,0.008849557522123894,0.0158544185466783,0.9060402730348659,46.09473457907721,medium
2780-2562,หลอดแอลอีดีมีบัลลาสต์ในตัวสำหรับการให้แสงสว่างทั่วไป ด้วยแรงดันไฟฟ้ามากกว่า 50 V - คุณลักษณะที่ต้องการด้านความปลอดภัย,2025-11-01,130,0.9427083284233941,0.007633587786259542,0.013417912052467477,0.9427083395140804,47.80631257832739,medium
279-2525,ลูกถ้วยก้านตรง : ปอร์ซเลน,2025-11-01,1,0.0,0.5,1.0,0.0,50.0,medium
2817-2562,เหล็กโครงสร้างรูปพรรณขึ้นรูปเย็นเคลือบโลหะ สำหรับงานโครงสร้างทั่วไป,2025-11-01,12,0.0,0.07692307692307693,0.15225713253882267,0.0,7.6128566269411335,low
2821-2560,พอลิอะลูมิเนียมคลอไรด์ชนิดผง,2025-11-01,1,0.0,0.5,1.0,0.0,50.0,medium
284-2560,อะลูมิเนียมเจืออัดรีดขึ้นรูป,2025-11-01,22,0.0,0.043478260869565216,0.08524188609920391,0.0,4.262094304960195,low
287-2565,กระดาษพิมพ์และเขียน,2025-11-01,3,0.0,0.25,0.4990610328638498,0.0,24.953051643192488,low
2879-2560,แบตเตอรี่สำรองไฟฟ้าสำหรับการใช้งานแบบพกพา - คุณลักษณะที่ต้องการด้านความปลอดภัย,2025-11-01,119,0.9344262244020425,0.008333333333333333,0.014820031298904537,0.9344262353952922,47.46231333470984,medium
2892-2563,ซีเมนต์ยาแนวสำหรับกระเบื้องเซรามิก,2025-11-01,1,0.0,0.5,1.0,0.0,50.0,medium
2895-2564,คอนกรีตบล็อกเชิงตันไม่รับน้ำหนัก,2025-11-01,5,0.0,0.16666666666666666,0.3320813771517997,0.0,16.604068857589986,low
2900-2561,แท่นพลาสติกกั้นจราจร,2025-11-01,1,0.0,0.5,1.0,0.0,50.0,medium
291 เล่ม 1-2530,สลักเกลียวหัวหกเหลี่ยม เล่ม 1 ผลิตภัณฑ์ขั้น A และ B,2025-11-01,1,0.0,0.5,1.0,0.0,50.0,medium
2915-2561,รถจักรยานยนต์เฉพาะด้านความปลอดภัย - สารมลพิษจากเครื่องยนต์ ระดับที่ 7,2025-11-01,33,0.5652173831127916,0.029411764705882353,0.05705606186136426,0.5652173897624079,31.11367258118861,low
2916-2561,ยางมะตอยผสมสำเร็จ,2025-11-01,4,0.0,0.2,0.39887323943661973,0.0,19.943661971830988,low
2917-2561,ท่อพอลิเอทิลีนผนังโครงสร้างแบบเรียบสำหรับงานท่อใต้ดิน,2025-11-01,2,0.0,0.3333333333333333,0.6660406885758998,0.0,33.30203442879499,low
2919-2561,คอนกรีตผสมเสร็จสำหรับสภาพแวดล้อมทางทะเล,2025-11-01,10,0.0,0.09090909090909091,0.18028169014084508,0.0,9.014084507042254,low
2921-2562,ภาชนะและเครื่องใช้เมลามีน-ฟอร์แมลดีไฮด์ ยูเรีย-ฟอร์แมลดีไฮด์ และเมลามีน-ยูเรีย-ฟอร์แมลดีไฮด์ สำหรับอาหาร: เฉพาะด้านความปลอดภัย,2025-11-01,41,0.7272727107438021,0.023809523809523808,0.04583053878828526,0.7272727192999516,38.655162904411846,low
293-2541,สายไฟฟ้าอะลูมิเนียมหุ้มด้วยฉนวนโพลิไวนิลคลอไรด์,2025-11-01,37,0.16326530279050402,0.02631578947368421,0.0508524833209785,0.1632653047112723,10.705889401612538,low
2948-2562,กระดาษสัมผัสอาหาร,2025-11-01,7,0.0,0.125,0.24859154929577465,0.0,12.429577464788732,low
2952-2561,ยานยนต์ประเภท L : คุณลักษณะเฉพาะสำหรับระบบส่งกำลังด้วยไฟฟ้า,2025-11-01,2,0.0,0.3333333333333333,0.6660406885758998,0.0,33.30203442879499,low
2959-2562,เทอร์โมฟอร์มิงรับเบอร์,2025-11-01,1,0.0,0.5,1.0,0.0,50.0,medium
2973-2562,พอลิเมอร์เสริมเส้นใย สำหรับงานโครงสร้างคอนกรีตไม่อัดแรง,2025-11-01,2,0.0,0.3333333333333333,0.6660406885758998,0.0,33.30203442879499,low
2979-2562,ยางล้อแบบสูบลมหล่อดอกซ้ำ สำหรับยานยนต์เชิงพาณิชย์และส่วนพ่วง,2025-11-01,39,0.0,0.025,0.048215962441314555,0.0,2.410798122065728,low
2981-2567,เหล็กกล้าทรงแบนเคลือบสังกะสีผสมอะลูมิเนียม 5% ขึ้นไป และแมกนีเซียม 2% ขึ้นไป โดยกรรมวิธีจุ่มร้อน,2025-11-01,1,0.0,0.5,1.0,0.0,50.0,medium
2982-2562,เหล็กกล้าทรงแบนรีดร้อนที่ต้านการกัดกร่อนในบรรยากาศ สำหรับงานโครงสร้างเชื่อมประกอบ,2025-11-01,3,0.0,0.25,0.4990610328638498,0.0,24.953051643192488,low
2984-2562,ตู้น้ำดื่มหยอดเหรียญอัตโนมัติ,2025-11-01,1,0.0,0.5,1.0,0.0,50.0,medium
3-2562,น้ำปลา,2025-11-01,4,0.0,0.2,0.39887323943661973,0.0,19.943661971830988,low
30-2564,ไนทรัสออกไซด์ทางการแพทย์,2025-11-01,4,0.0,0.2,0.39887323943661973,0.0,19.943661971830988,low
3000 เล่ม 1-2562,เครื่องเล่นสนามสาธารณะ เล่ม 1 ชิงช้า ข้อกำหนดเฉพาะเพิ่มเติมด้านความปลอดภัยและวิธีทดสอบ,2025-11-01,15,0.4999999687500019,0.0625,0.12335680751173708,0.4999999746323545,31.16783910720458,low
3000 เล่ม 2-2562,เครื่องเล่นสนามสาธารณะ เล่ม 2 กระดานลื่น ข้อกำหนดเฉพาะเพิ่มเติมด้านความปลอดภัย และวิธีทดสอบ,2025-11-01,15,0.5294117335640156,0.0625,0.12335680751173708,0.529411739792389,32.638427365206304,low
3000 เล่ม 3-2563,เครื่องเล่นสนามสาธารณะ เล่ม 3 ม้าหมุน,2025-11-01,15,0.5624999648437522,0.0625,0.12335680751173708,0.5624999714613989,34.292838948656794,low
3000 เล่ม 4-2563,เครื่องเล่นสนามสาธารณะ เล่ม 4 อุปกรณ์โยก,2025-11-01,18,0.5999999700000015,0.05263157894736842,0.10358290091425747,0.5999999770588247,35.17914389865411,low
3002-2562,อุปกรณ์ควบคุมหลอด - คุณลักษณะที่ต้องการเฉพาะสำหรับอุปกรณ์ควบคุมอิเล็กทรอนิกส์ ที่ใช้แหล่งจ่ายไฟฟ้ากระแสตรงหรือไฟฟ้ากระแสสลับสำหรับมอดูลแอลอีดี,2025-11-01,1,0.0,0.5,1.0,0.0,50.0,medium
3017-2563,รถยนต์ขนาดเล็กที่ใช้เครื่องยนต์แบบจุดระเบิดด้วยประกายไฟ เฉพาะด้านความปลอดภัย : สารมลพิษจากเครื่องยนต์ ระดับที่ 10,2025-11-01,30,0.8214285567602044,0.03225806451612903,0.06275935180978343,0.8214285664240698,44.20939591169266,medium
3018-2563,รถยนต์ขนาดเล็กที่ใช้เครื่องยนต์แบบจุดระเบิดด้วยการอัด เฉพาะด้านความปลอดภัย : สารมลพิษจากเครื่องยนต์ ระดับที่ 8,2025-11-01,16,0.5769230547337286,0.058823529411764705,0.115990057995029,0.5769230615210587,34.64565597580438,low
3024 เล่ม 1-2563,ส่วนประกอบระบบป้องกันฟ้าผ่า (LPSC) เล่ม 1 คุณลักษณะที่ต้องการสำหรับส่วนประกอบเชื่อมต่อ,2025-11-01,1,0.0,0.5,1.0,0.0,50.0,medium
3024 เล่ม 2-2563,ส่วนประกอบระบบป้องกันฟ้าผ่า (LPSC) เล่ม 2 คุณลักษณะที่ต้องการสำหรับตัวนำและหลักดิน,2025-11-01,1,0.0,0.5,1.0,0.0,50.0,medium
3024 เล่ม 4-2563,ส่วนประกอบระบบป้องกันฟ้าผ่า (LPSC) เล่ม 4 คุณลักษณะที่ต้องการสำหรับตัวยึดตัวนำ,2025-11-01,1,0.0,0.5,1.0,0.0,50.0,medium
3024 เล่ม 5-2564,ส่วนประกอบระบบป้องกันฟ้าผ่า (LPSC) เล่ม 5 คุณลักษณะที่ต้องการสำหรับกล่องตรวจสอบหลักดินและซีลหลักดิน,2025-11-01,2,0.0,0.3333333333333333,0.6660406885758998,0.0,33.30203442879499,low
3026-2563,ยานยนต์ประเภท M และ N: คุณลักษณะเฉพาะสำหรับระบบส่งกำลังด้วยไฟฟ้า,2025-11-01,1,0.0,0.5,1.0,0.0,50.0,medium
3029-2563,มอร์ตาร์ควบคุมการกัดกร่อนของเหล็กโครงสร้างในคอนกรีต,2025-11-01,2,0.0,0.3333333333333333,0.6660406885758998,0.0,33.30203442879499,low
3030-2563,เครื่องตรวจวัดฝุ่นละอองลอยหลักการไฟฟ้าสถิต,2025-11-01,1,0.0,0.5,1.0,0.0,50.0,medium
3043-2563,รถยนต์ขนาดใหญ่ที่ใช้เครื่องยนต์แบบจุดระเบิดด้วยประกายไฟที่ใช้ก๊าซธรรมชาติหรือก๊าซปิโตรเลียมเหลวเป็นเชื้อเพลิง เฉพาะด้านความปลอดภัย : สารมลพิษจากเครื่องยนต์ ระดับที่ 3,2025-11-01,7,0.9999998750000157,0.125,0.24859154929577465,0.9999998867647202,62.42957180302474,medium
3046-2563,รถยนต์ขนาดใหญ่ที่ใช้เครื่องยนต์แบบจุดระเบิดด้วยการอัด เฉพาะด้านความปลอดภัย : สารมลพิษจากเครื่องยนต์ ระดับที่ 6,2025-11-01,39,0.8620689506539837,0.025,0.048215962441314555,0.8620689607959714,45.5142461618643,medium
3056-2563,มอร์ตาร์ฉาบผิวบาง,2025-11-01,13,0.0,0.07142857142857142,0.14124748490945674,0.0,7.062374245472837,low
306-2541,วงล้อรถจักรยานยนต์,2025-11-01,1,0.0,0.5,1.0,0.0,50.0,medium
3078-2563,มาตรวัดน้ำ,2025-11-01,4,0.0,0.2,0.39887323943661973,0.0,19.943661971830988,low
310-2522,ท่อเหล็กกล้าสำหรับทำรถจักรยาน,2025-11-01,1,0.0,0.5,1.0,0.0,50.0,medium
3173-2564,สารสกัดจากกัญชงที่มีปริมาณแคนนาบิไดออลรวม ไม่น้อยกว่า 80% โดยมวล,2025-11-01,2,0.0,0.3333333333333333,0.6660406885758998,0.0,33.30203442879499,low
319 เล่ม 2-2551,ปูนไลม์อุตสาหกรรม เล่ม 2 ปูนขาว,2025-11-01,1,0.0,0.5,1.0,0.0,50.0,medium
3202-2564,คอนกรีตแห้งสำเร็จรูป,2025-11-01,4,0.0,0.2,0.39887323943661973,0.0,19.943661971830988,low
3209-2564,เครื่องยนต์แก๊สโซลีนขนาดเล็กระบายความร้อนด้วยอากาศ,2025-11-01,1,0.0,0.5,1.0,0.0,50.0,medium
321-2560,กระดาษทำลูกฟูก,2025-11-01,6,0.0,0.14285714285714285,0.28437290409121396,0.0,14.218645204560698,low
324-2522,ซี่ล้อรถจักรยานยนต์,2025-11-01,1,0.0,0.5,1.0,0.0,50.0,medium
3243-2564,เหล็กกล้าทรงแบนรีดร้อนเคลือบสังกะสีโดยกรรมวิธีจุ่มร้อน,2025-11-01,61,0.6774193475546307,0.016129032258064516,0.030440708768741477,0.6774193555242701,35.39300321465058,low
3246-2564,ไนโตรเจนทางการแพทย์,2025-11-01,2,0.0,0.3333333333333333,0.6660406885758998,0.0,33.30203442879499,low
3250-2564,ตัวแยกสายชนิดพอลิเมอร์พร้อมอุปกรณ์จับยึดสายไฟฟ้า,2025-11-01,6,0.0,0.14285714285714285,0.28437290409121396,0.0,14.218645204560698,low
327-2553,สีเคลือบเงาแอลคีด,2025-11-01,26,0.0,0.037037037037037035,0.07233524604416622,0.0,3.616762302208311,low
328-2551,สีอะลูมิเนียมรองพื้นสำหรับงานไม้,2025-11-01,2,0.0,0.3333333333333333,0.6660406885758998,0.0,33.30203442879499,low
3286-2564,ลวดชุบแข็งและอบคืนตัวสำหรับคอนกรีตอัดแรง,2025-11-01,2,0.0,0.3333333333333333,0.6660406885758998,0.0,33.30203442879499,low
329-2542,ผลิตภัณฑ์ทำความสะอาดประเภทกรดสำหรับกระเบื้องและเครื่องสุขภัณฑ์เซรามิก,2025-11-01,1,0.0,0.5,1.0,0.0,50.0,medium
331-2561,อะลูมิเนียมทรงแบนรีดเย็น สำหรับงานทั่วไปและงานขึ้นรูป,2025-11-01,2,0.0,0.3333333333333333,0.6660406885758998,0.0,33.30203442879499,low
332-2537,เครื่องดับเพลิงยกหิ้วชนิดผงเคมีแห้ง,2025-11-01,36,0.11764705795847752,0.02702702702702703,0.05227762974241847,0.11764705934256056,8.496234454248953,low
334-2528,โซ่รถจักรยานยนต์,2025-11-01,3,0.0,0.25,0.4990610328638498,0.0,24.953051643192488,low
3357-2565,เสาเข็มเหล็กกล้าแบบเกลียว,2025-11-01,1,0.0,0.5,1.0,0.0,50.0,medium
3359-2565,อะลูมิเนียมกันกร่อนสำหรับป้องกันสนิมแบบแคโทดิก,2025-11-01,1,0.0,0.5,1.0,0.0,50.0,medium
337-2545,กลีเซอรีนบริสุทธิ์,2025-11-01,2,0.0,0.3333333333333333,0.6660406885758998,0.0,33.30203442879499,low
3399-2565,น้ำยางคอมพาวนด์สำหรับปรับคุณภาพดินซีเมนต์,2025-11-01,2,0.0,0.3333333333333333,0.6660406885758998,0.0,33.30203442879499,low
340-2528,ท่อไอเสียรถยนต์,2025-11-01,1,0.0,0.5,1.0,0.0,50.0,medium
341-2543,ท่อไอเสียรถจักรยานยนต์,2025-11-01,58,0.41935483420048564,0.01694915254237288,0.032084029601336835,0.41935483913407195,22.57194343677044,low
3412-2565,ถังก๊าซปิโตรเลียมเหลวสำหรับรถโฟล์คลิฟท์: ถังโลหะ,2025-11-01,3,0.0,0.25,0.4990610328638498,0.0,24.953051643192488,low
3413-2565,ลูกบอลดับเพลิงอัตโนมัติ,2025-11-01,1,0.0,0.5,1.0,0.0,50.0,medium
3426-2565,เสาเข็มคอนกรีตกำลังสูงอัดแรงแบบแรงเหวี่ยง,2025-11-01,1,0.0,0.5,1.0,0.0,50.0,medium
3438-2565,กระดาษสัมผัสอาหารสำหรับปรุงอาหารด้วยความร้อน,2025-11-01,1,0.0,0.5,1.0,0.0,50.0,medium
344-2562,ขั้วรับหลอดฟลูออเรสเซนซ์และขั้วรับสตาร์ตเตอร์,2025-11-01,12,0.4999999583333368,0.07692307692307693,0.15225713253882267,0.49999996421568926,32.61285483772559,low
3459-2565,โซ่เหล็กกล้า,2025-11-01,1,0.0,0.5,1.0,0.0,50.0,medium
3460-2565,เชื้อเพลิงขยะ,2025-11-01,1,0.0,0.5,1.0,0.0,50.0,medium
348-2559,เหล็กลวดคาร์บอนต่ำ,2025-11-01,10,0.1818181652892577,0.09090909090909091,0.18028169014084508,0.18181816742829496,18.104992878457004,low
349-2561,เหล็กลวดคาร์บอนสูง,2025-11-01,2,0.0,0.3333333333333333,0.6660406885758998,0.0,33.30203442879499,low
351-2527,โซ่รถจักรยาน,2025-11-01,1,0.0,0.5,1.0,0.0,50.0,medium
353-2566,ตู้เหล็กใช้ในสำนักงานแบบประตู,2025-11-01,5,0.0,0.16666666666666666,0.3320813771517997,0.0,16.604068857589986,low
3554-2566,ปั๊มไฮดรอลิกแบบใบพัดสำหรับอุตสาหกรรมทั่วไป,2025-11-01,1,0.0,0.5,1.0,0.0,50.0,medium
356-2531,น้ำมันเครื่อง,2025-11-01,1,0.0,0.5,1.0,0.0,50.0,medium
357-2551,สีรองพื้นสำหรับงานไม้,2025-11-01,3,0.0,0.25,0.4990610328638498,0.0,24.953051643192488,low
3584-2566,ผนังกระจก,2025-11-01,1,0.0,0.5,1.0,0.0,50.0,medium
3586-2566,แผ่นพีวีซีมุงหลังคา,2025-11-01,1,0.0,0.5,1.0,0.0,50.0,medium
3606-2566,เครื่องจักรผสมวัตถุระเบิดแอนโฟสำหรับใช้ในงานอุตสาหกรรม,2025-11-01,1,0.0,0.5,1.0,0.0,50.0,medium
365-2532,ตะกั่วบัดกรี : แท่ง,2025-11-01,2,0.0,0.3333333333333333,0.6660406885758998,0.0,33.30203442879499,low
3656-2566,กล่องลวดตาข่าย,2025-11-01,8,0.0,0.1111111111111111,0.22076160667709963,0.0,11.038080333854982,low
366-2547,เตารีดไฟฟ้า เฉพาะด้านความปลอดภัย,2025-11-01,89,0.8862973735093371,0.011111111111111112,0.02038601982263954,0.886297383936365,45.33417018795023,medium
368-2562,หมวกนิรภัยสำหรับงานอุตสาหกรรม,2025-11-01,14,0.0,0.06666666666666667,0.1317057902973396,0.0,6.58528951486698,low
369-2557,หมวกนิรภัยสำหรับผู้ใช้รถจักรยานยนต์,2025-11-01,81,0.7941176412197233,0.012195121951219513,0.022558112905072713,0.7941176505622838,40.83378817336782,medium
370-2552,ถังก๊าซปิโตรเลียมเหลวสำหรับเครื่องยนต์สันดาปภายใน,2025-11-01,9,0.36111110108024724,0.1,0.19849765258215962,0.3611111053286131,27.980437895538635,low
371-2530,แคตอิออนิกแอสฟัลต์อิมัลชันสำหรับถนน,2025-11-01,9,0.0,0.1,0.19849765258215962,0.0,9.924882629107982,low
3778 เล่ม 1-2567,บันไดเลื่อน และทางเลื่อนอัตโนมัติ ข้อกำหนดด้านความปลอดภัย เล่ม 1 ข้อกำหนดสากลด้านความปลอดภัยที่จำเป็น (GESR),2025-11-01,7,0.857142734693895,0.125,0.24859154929577465,0.8571427447779272,55.28671470368509,medium
378-2531,กระเบื้องคอนกรีตปูพื้น,2025-11-01,36,0.0,0.02702702702702703,0.05227762974241847,0.0,2.6138814871209237,low
379-2556,กระเบื้องหินขัดชนิดสองชั้น,2025-11-01,4,0.0,0.2,0.39887323943661973,0.0,19.943661971830988,low
382-2531,ประตูน้ำเหล็กหล่อ : ลิ้นปีกผีเสื้อ,2025-11-01,15,0.0,0.0625,0.12335680751173708,0.0,6.167840375586854,low
383-2529,ประตูน้ำเหล็กหล่อ : ลิ้นกันกลับชนิดแกว่ง,2025-11-01,14,0.0,0.06666666666666667,0.1317057902973396,0.0,6.58528951486698,low
384 เล่ม 1-2567,หม้อแปลงไฟฟ้ากำลัง เล่ม 1 ข้อกำหนดทั่วไป,2025-11-01,16,0.0,0.058823529411764705,0.115990057995029,0.0,5.79950289975145,low
386-2567,เทปกาวพลาสติกไซซ์พอลิไวนิลคลอไรด์สำหรับใช้ในงานทางไฟฟ้า,2025-11-01,1,0.0,0.5,1.0,0.0,50.0,medium
396-2549,เสาเข็มคอนกรีตเสริมเหล็กอัดแรงหล่อสำเร็จ,2025-11-01,351,0.0,0.002840909090909091,0.0038145539906103286,0.0,0.19072769953051644,low
397-2562,เสาเข็มคอนกรีตเสริมเหล็กแบบแรงเหวี่ยง,2025-11-01,12,0.0,0.07692307692307693,0.15225713253882267,0.0,7.6128566269411335,low
398-2563,เสาเข็มคอนกรีตอัดแรงแบบแรงเหวี่ยง,2025-11-01,10,0.0,0.09090909090909091,0.18028169014084508,0.0,9.014084507042254,low
399-2565,เสาเข็มคอนกรีตเสริมเหล็กขนาดสั้น,2025-11-01,9,0.0,0.1,0.19849765258215962,0.0,9.924882629107982,low
4 เล่ม 1-2558,หลอดไฟฟ้าไส้ทังสเตนสำหรับใช้ในที่อยู่อาศัยและที่มีจุดประสงค์ให้แสงสว่างทั่วไปที่คล้ายกัน เล่ม 1 คุณลักษณะที่ต้องการด้านความปลอดภัย,2025-11-01,6,0.6666665555555741,0.14285714285714285,0.28437290409121396,0.66666656339871,47.5519733744962,medium
400-2566,เส้นหมี่,2025-11-01,1,0.0,0.5,1.0,0.0,50.0,medium
402-2532,แคลเซียมคาร์บอเนตสำหรับอุตสาหกรรมยาง,2025-11-01,1,0.0,0.5,1.0,0.0,50.0,medium
403-2532,แคลเซียมคาร์บอเนตสำหรับอุตสาหกรรมสีและพลาสติก,2025-11-01,2,0.0,0.3333333333333333,0.6660406885758998,0.0,33.30203442879499,low
404-2540,ลวดเหล็กกล้าเคลือบสังกะสีตีเกลียว,2025-11-01,12,0.0,0.07692307692307693,0.15225713253882267,0.0,7.6128566269411335,low
408-2553,ทองแดงและทองแดงเจือสำหรับจุดประสงค์ทั่วไปทางไฟฟ้า : เส้น และแท่ง,2025-11-01,4,0.49999991666668053,0.2,0.39887323943661973,0.4999999225490325,44.943658099282615,medium
41-2554,กรดซัลฟิวริกเข้มข้นและโอเลียมสำหรับอุตสาหกรรม,2025-11-01,11,0.0,0.08333333333333333,0.1651017214397496,0.0,8.25508607198748,low
415-2551,สีจราจร,2025-11-01,16,0.0,0.058823529411764705,0.115990057995029,0.0,5.79950289975145,low
418-2525,โซ่ส่งกำลัง,2025-11-01,1,0.0,0.5,1.0,0.0,50.0,medium
420-2540,ลวดเหล็กกล้าตีเกลียวสำหรับคอนกรีตอัดแรง,2025-11-01,27,0.7619047437641728,0.03571428571428571,0.06968477531857813,0.761904752727758,41.57947640231681,medium
426-2525,ผ้าใบไวนิลอนชนิดเคลือบพีวีซี,2025-11-01,1,0.0,0.5,1.0,0.0,50.0,medium
427-2562,ท่อเหล็กกล้าสำหรับส่งน้ำ,2025-11-01,14,0.0,0.06666666666666667,0.1317057902973396,0.0,6.58528951486698,low
431-2567,ประตูน้ำทองแดงเจือแบบลิ้นยก,2025-11-01,1,0.0,0.5,1.0,0.0,50.0,medium
432-2529,ประตูน้ำเหล็กหล่อแบบลิ้นยกสำหรับใช้งานทั่วไป,2025-11-01,11,0.0,0.08333333333333333,0.1651017214397496,0.0,8.25508607198748,low
435-2548,ถังเก็บน้ำพลาสติกเสริมใยแก้ว,2025-11-01,19,0.0,0.05,0.09830985915492958,0.0,4.915492957746479,low
436-2525,ตู้เหล็กเก็บบัตรดัชนี,2025-11-01,1,0.0,0.5,1.0,0.0,50.0,medium
437-2529,ตู้นิรภัยกันไฟแบบประตู,2025-11-01,8,0.0,0.1111111111111111,0.22076160667709963,0.0,11.038080333854982,low
438-2556,ถุงเท้าใช้งานทั่วไป,2025-11-01,3,0.0,0.25,0.4990610328638498,0.0,24.953051643192488,low
439-2556,ถุงเท้านักเรียน,2025-11-01,3,0.0,0.25,0.4990610328638498,0.0,24.953051643192488,low
442-2525,แผ่นฝอยไม้ซีเมนต์อัดชนิดใช้งานทั่วไป,2025-11-01,1,0.0,0.5,1.0,0.0,50.0,medium
444-2549,วุ้นเส้น,2025-11-01,2,0.0,0.3333333333333333,0.6660406885758998,0.0,33.30203442879499,low
45-2552,ยาสีฟัน,2025-11-01,1,0.0,0.5,1.0,0.0,50.0,medium
463-2544,สารละลายซอร์บิทอล,2025-11-01,1,0.0,0.5,1.0,0.0,50.0,medium
464-2544,กรดซิทริก,2025-11-01,2,0.0,0.3333333333333333,0.6660406885758998,0.0,33.30203442879499,low
468-2550,ไวต์สปิริตสำหรับสีและวาร์นิช,2025-11-01,6,0.0,0.14285714285714285,0.28437290409121396,0.0,14.218645204560698,low
469-2561,สีซีเมนต์,2025-11-01,2,0.0,0.3333333333333333,0.6660406885758998,0.0,33.30203442879499,low
47-2561,น้ำมันและไขมันสำหรับบริโภค,2025-11-01,2,0.0,0.3333333333333333,0.6660406885758998,0.0,33.30203442879499,low
470-2526,น้ำผึ้ง,2025-11-01,2,0.0,0.3333333333333333,0.6660406885758998,0.0,33.30203442879499,low
474-2542,ผลิตภัณฑ์ทำความสะอาดประเภทเหลวสำหรับถ้วยชาม,2025-11-01,1,0.0,0.5,1.0,0.0,50.0,medium
479-2541,วัสดุยารอยต่อคอนกรีตแบบยืดหยุ่นชนิดเทร้อน,2025-11-01,6,0.0,0.14285714285714285,0.28437290409121396,0.0,14.218645204560698,low
486-2527,ใยแก้ว,2025-11-01,2,0.0,0.3333333333333333,0.6660406885758998,0.0,33.30203442879499,low
49-2560,ลวดเชื่อมไฟฟ้ามีสารพอกหุ้มใช้เชื่อมเหล็กกล้าไม่เจือและเกรนละเอียดด้วยการเชื่อมอาร์กโลหะด้วยมือ,2025-11-01,6,0.0,0.14285714285714285,0.28437290409121396,0.0,14.218645204560698,low
496-2553,ทินเนอร์สำหรับแล็กเกอร์,2025-11-01,21,0.0,0.045454545454545456,0.0892018779342723,0.0,4.460093896713615,low
50-2565,เหล็กกล้าทรงแบนรีดเย็นเคลือบสังกะสีโดยกรรมวิธีจุ่มร้อน,2025-11-01,127,0.7129629596622086,0.0078125,0.013776408450704224,0.7129629680500081,36.33696882503561,low
504-2527,วงกบและกรอบบานไม้สำหรับประตูและหน้าต่าง,2025-11-01,1,0.0,0.5,1.0,0.0,50.0,medium
507-2527,ฟิวส์สำหรับใช้ในที่อยู่อาศัยและงานที่คล้ายคลึงกัน : ตัวยึดฟิวส์,2025-11-01,2,0.0,0.3333333333333333,0.6660406885758998,0.0,33.30203442879499,low
51-2562,สับปะรดในภาชนะบรรจุปิดสนิท,2025-11-01,22,0.08695651795841226,0.043478260869565216,0.08524188609920391,0.08695651898143013,8.609920254031701,low
514-2531,เชือกลวดเหล็กกล้า,2025-11-01,4,0.0,0.2,0.39887323943661973,0.0,19.943661971830988,low
517-2558,ขวดพลาสติกสำหรับบรรจุยาเม็ดและแคปซูล,2025-11-01,1,0.0,0.5,1.0,0.0,50.0,medium
518-2527,ตู้เหล็กเก็บเอกสารกันไฟแบบลิ้นชัก,2025-11-01,3,0.0,0.25,0.4990610328638498,0.0,24.953051643192488,low
520-2553,ทินเนอร์สำหรับสีพ่นแห้งเร็วไนโตรเซลลูโลส,2025-11-01,12,0.0,0.07692307692307693,0.15225713253882267,0.0,7.6128566269411335,low
521-2527,กาวยาง,2025-11-01,7,0.0,0.125,0.24859154929577465,0.0,12.429577464788732,low
523-2564,รองเท้าหนังนิรภัย,2025-11-01,10,0.0,0.09090909090909091,0.18028169014084508,0.0,9.014084507042254,low
528-2560,เหล็กกล้าทรงแบนรีดร้อน สำหรับงานทั่วไปและงานดึงขึ้นรูป,2025-11-01,144,0.7638036786386391,0.006896551724137931,0.011941071717662293,0.7638036876245647,38.78723796711135,low
53-2548,ไม้ขีดไฟ,2025-11-01,7,0.7999999200000081,0.125,0.24859154929577465,0.7999999294117719,52.42957393537732,medium
531-2558,ภาชนะพลาสติกสำหรับบรรจุผลิตภัณฑ์เภสัชปราศจากเชื้อ,2025-11-01,15,0.11111110493827195,0.0625,0.12335680751173708,0.11111110624546142,11.723395687859924,low
535-2556,กระเบื้องคอนกรีตมุงหลังคา,2025-11-01,6,0.0,0.14285714285714285,0.28437290409121396,0.0,14.218645204560698,low
538-2560,ถุงมือยางปราศจากเชื้อสำหรับการศัลยกรรมชนิดใช้ครั้งเดียว,2025-11-01,4,0.0,0.2,0.39887323943661973,0.0,19.943661971830988,low
539-2564,คาร์บอนไดออกไซด์ทางการแพทย์,2025-11-01,3,0.0,0.25,0.4990610328638498,0.0,24.953051643192488,low
540-2564,ออกซิเจนทางการแพทย์,2025-11-01,98,0.0,0.010101010101010102,0.01836202399582681,0.0,0.9181011997913405,low
541-2562,ออกซิเจนอุตสาหกรรม,2025-11-01,10,0.0,0.09090909090909091,0.18028169014084508,0.0,9.014084507042254,low
542-2549,วัสดุเทอร์โมพลาสติกสะท้อนแสงสำหรับทำเครื่องหมายบนผิวทาง,2025-11-01,57,0.0,0.017241379310344827,0.03266958070260644,0.0,1.633479035130322,low
543-2550,ลูกแก้วที่ใช้กับวัสดุทำเครื่องหมายบนผิวทาง,2025-11-01,21,0.0,0.045454545454545456,0.0892018779342723,0.0,4.460093896713615,low
545-2528,กระดาษคาร์บอน,2025-11-01,4,0.0,0.2,0.39887323943661973,0.0,19.943661971830988,low
547-2541,อิฐทนไฟไฟร์เคลย์,2025-11-01,2,0.0,0.3333333333333333,0.6660406885758998,0.0,33.30203442879499,low
548-2541,อิฐทนไฟอะลูมินาสูง,2025-11-01,2,0.0,0.3333333333333333,0.6660406885758998,0.0,33.30203442879499,low
55-2562,เหล็กเส้นแบนและสี่เหลี่ยมจัตุรัส,2025-11-01,2,0.0,0.3333333333333333,0.6660406885758998,0.0,33.30203442879499,low
56-2560,น้ำตาลทราย,2025-11-01,42,0.0,0.023255813953488372,0.04472103941478327,0.0,2.2360519707391635,low
561-2549,สีแล็กเกอร์ไนโตรเซลลูโลส,2025-11-01,7,0.0,0.125,0.24859154929577465,0.0,12.429577464788732,low
562-2549,แล็กเกอร์ใสไนโตรเซลลูโลส,2025-11-01,5,0.0,0.16666666666666666,0.3320813771517997,0.0,16.604068857589986,low
564-2546,ภาชนะเซรามิกที่ใช้กับอาหาร : พอร์ซเลน,2025-11-01,1,0.0,0.5,1.0,0.0,50.0,medium
568-2563,คาร์บอนไดออกไซด์อุตสาหกรรม,2025-11-01,2,0.0,0.3333333333333333,0.6660406885758998,0.0,33.30203442879499,low
57-2560,คอนกรีตบล็อกกลวงรับน้ำหนัก,2025-11-01,13,0.0,0.07142857142857142,0.14124748490945674,0.0,7.062374245472837,low
572-2528,พัดลมไฟฟ้ากระแสสลับชนิดส่ายรอบตัว,2025-11-01,4,0.0,0.2,0.39887323943661973,0.0,19.943661971830988,low
576-2546,แผ่นคอนกรีตเสริมเหล็กอัดแรงหล่อสำเร็จสำหรับระบบพื้นคอนกรีต,2025-11-01,59,0.0,0.016666666666666666,0.031517996870109546,0.0,1.5758998435054774,low
58-2560,คอนกรีตบล็อกกลวงไม่รับน้ำหนัก,2025-11-01,60,0.0,0.01639344262295082,0.030970522589086433,0.0,1.5485261294543216,low
59-2561,อิฐคอนกรีต,2025-11-01,3,0.0,0.25,0.4990610328638498,0.0,24.953051643192488,low
593-2562,ประตูเหล็กม้วนสำหรับงานอาคาร,2025-11-01,9,0.0,0.1,0.19849765258215962,0.0,9.924882629107982,low
596-2531,กลอน : ทองเหลืองและอะลูมิเนียมชนิดอัดรีด,2025-11-01,3,0.0,0.25,0.4990610328638498,0.0,24.953051643192488,low
598-2566,มอร์ตาร์สำหรับก่อ,2025-11-01,7,0.0,0.125,0.24859154929577465,0.0,12.429577464788732,low
6 เล่ม 1-2559,แบตเตอรี่ใช้สตาร์ต ชนิดตะกั่ว-กรด เล่ม 1 คุณลักษณะที่ต้องการทั่วไปและวิธีทดสอบ,2025-11-01,1,0.0,0.5,1.0,0.0,50.0,medium
60-2560,คอนกรีตบล็อกเชิงตันรับน้ำหนัก,2025-11-01,4,0.0,0.2,0.39887323943661973,0.0,19.943661971830988,low
603-2546,ภาชนะแก้วที่ใช้กับอาหาร,2025-11-01,1,0.0,0.5,1.0,0.0,50.0,medium
60335 เล่ม 2(13)-2564,ความปลอดภัยของเครื่องใช้ไฟฟ้าสำหรับใช้ในที่อยู่อาศัยและเครื่องใช้ไฟฟ้าอื่นที่คล้ายกัน เล่ม 2(13) ข้อกำหนดเฉพาะสำหรับเครื่องทอดน้ำมันท่วม กระทะทอด และเครื่องใช้ไฟฟ้าอื่นที่คล้ายกัน,2025-11-01,9,0.44444439506173394,0.1,0.19849765258215962,0.44444440029049154,32.14710264363256,low
60335 เล่ม 2(23)-2564,ความปลอดภัยของเครื่องใช้ไฟฟ้าสำหรับใช้ในที่อยู่อาศัยและเครื่องใช้ไฟฟ้าอื่นที่คล้ายกัน เล่ม 2(23) ข้อกำหนดเฉพาะเครื่องใช้ไฟฟ้าสำหรับการดูแลผม ขน หรือผิว,2025-11-01,23,0.9749999756250006,0.041666666666666664,0.08161189358372456,0.9749999870955885,52.83059403396565,medium
60335 เล่ม 2(32)-2564,ความปลอดภัยของเครื่องใช้ไฟฟ้าสำหรับใช้ในที่อยู่อาศัยและเครื่องใช้ไฟฟ้าอื่นที่คล้ายกัน เล่ม 2(32) ข้อกำหนดเฉพาะสำหรับเครื่องนวดร่างกาย,2025-11-01,41,0.9999999882352942,0.023809523809523808,0.04583053878828526,1.0,52.29152693941426,medium
60335 เล่ม 2(37)-2564,ความปลอดภัยของเครื่องใช้ไฟฟ้าสำหรับใช้ในที่อยู่อาศัยและเครื่องใช้ไฟฟ้าอื่นที่คล้ายกัน เล่ม 2(37) ข้อกำหนดเฉพาะสำหรับเครื่องทอดโดนัทเชิงพาณิชย์และเครื่องทอดน้ำมันท่วมเชิงพาณิชย์,2025-11-01,5,0.9999998571428775,0.16666666666666666,0.3320813771517997,0.9999998689075817,66.60406230296908,medium
60335 เล่ม 2(41)-2567,ความปลอดภัยของเครื่องใช้ไฟฟ้าสำหรับใช้ในที่อยู่อาศัยและเครื่องใช้ไฟฟ้าอื่นที่คล้ายกัน เล่ม 2(41) ข้อกำหนดเฉพาะสำหรับเครื่องสูบของเหลว,2025-11-01,3,0.0,0.25,0.4990610328638498,0.0,24.953051643192488,low
60335 เล่ม 2(65)-2564,ความปลอดภัยของเครื่องใช้ไฟฟ้าสำหรับใช้ในที่อยู่อาศัยและเครื่องใช้ไฟฟ้าอื่นที่คล้ายกัน เล่ม 2(65) ข้อกำหนดเฉพาะสำหรับเครื่องฟอกอากาศ,2025-11-01,121,0.8705882301730105,0.00819672131147541,0.01454629415839298,0.870588240415225,44.256726728680896,medium
60335 เล่ม 2(79)-2563,ความปลอดภัยของเครื่องใช้ไฟฟ้าสำหรับใช้ในที่อยู่อาศัยและเครื่องใช้ไฟฟ้าอื่นที่คล้ายกัน เล่ม 2(79) ข้อกำหนดเฉพาะสำหรับเครื่องทำความสะอาดใช้ความดันสูง และเครื่องทำความสะอาดใช้ไอน้ำ,2025-11-01,44,0.9857142716326533,0.022222222222222223,0.04264997391757955,0.9857142832292919,51.418212857343576,medium
605-2552,ผลิตภัณฑ์ชำระล้าง,2025-11-01,3,0.0,0.25,0.4990610328638498,0.0,24.953051643192488,low
609-2559,สีพ่นยานยนต์แห้งเร็วไนโตรเซลลูโลส: สีพื้นรองทับหน้า,2025-11-01,1,0.0,0.5,1.0,0.0,50.0,medium
610-2552,น้ำยาลอกสี,2025-11-01,1,0.0,0.5,1.0,0.0,50.0,medium
612-2549,แผ่นพอลิเอสเตอร์เสริมใยแก้ว,2025-11-01,4,0.0,0.2,0.39887323943661973,0.0,19.943661971830988,low
61215 เล่ม 1(1)-2561,แผงเซลล์แสงอาทิตย์ภาคพื้นดิน - คุณสมบัติการออกแบบและรับรองแบบ เล่ม 1(1) ข้อกำหนดเฉพาะสำหรับการทดสอบ แผงเซลล์แสงอาทิตย์ชนิดผลึกซิลิคอน,2025-11-01,8,0.0,0.1111111111111111,0.22076160667709963,0.0,11.038080333854982,low
618-2565,สารยึดสำหรับสีและวาร์นิช : แอลคีดเรซิน,2025-11-01,1,0.0,0.5,1.0,0.0,50.0,medium
622-2529,ท่อซีเมนต์ใยหินสำหรับงานระบายน้ำทั่วไป,2025-11-01,1,0.0,0.5,1.0,0.0,50.0,medium
62368 เล่ม 1-2563,บริภัณฑ์เสียง วีดิทัศน์ บริภัณฑ์เทคโนโลยีสารสนเทศและการสื่อสาร เล่ม 1 ข้อกำหนดด้านความปลอดภัย,2025-11-01,255,0.9528875365457636,0.00390625,0.005949237089201878,0.9528875477562052,47.941839242270355,medium
625-2559,ถุงยางอนามัยชายจากน้ำยางธรรมชาติ - คุณลักษณะที่ต้องการและวิธีทดสอบ,2025-11-01,6,0.0,0.14285714285714285,0.28437290409121396,0.0,14.218645204560698,low
63-2560,ตู้เหล็กเก็บเอกสารแบบลิ้นชัก,2025-11-01,7,0.0,0.125,0.24859154929577465,0.0,12.429577464788732,low
632-2551,พอลิไวนิลคลอไรด์เรซิน,2025-11-01,2,0.0,0.3333333333333333,0.6660406885758998,0.0,33.30203442879499,low
633-2531,ลูกยางสีข้าว,2025-11-01,1,0.0,0.5,1.0,0.0,50.0,medium
638-2563,แป้งข้าวเจ้า,2025-11-01,3,0.0,0.25,0.4990610328638498,0.0,24.953051643192488,low
639-2563,แป้งข้าวเหนียว,2025-11-01,3,0.0,0.25,0.4990610328638498,0.0,24.953051643192488,low
64-2517,ตัวนำไฟฟ้าทองแดงรีดแข็งสำหรับสายส่งกำลังเหนือดิน,2025-11-01,7,0.0,0.125,0.24859154929577465,0.0,12.429577464788732,low
640 เล่ม 1-2564,เอทานอลใช้ทางเภสัชกรรม,2025-11-01,4,0.0,0.2,0.39887323943661973,0.0,19.943661971830988,low
640 เล่ม 2-2561,เอทานอลใช้ทางอุตสาหกรรมทั่วไป,2025-11-01,3,0.0,0.25,0.4990610328638498,0.0,24.953051643192488,low
640 เล่ม 3-2553,เอทานอลใช้เป็นเชื้อเพลิง,2025-11-01,1,0.0,0.5,1.0,0.0,50.0,medium
640 เล่ม 4-2561,เอทานอลสำหรับใช้ในเครื่องสำอาง,2025-11-01,2,0.0,0.3333333333333333,0.6660406885758998,0.0,33.30203442879499,low
640 เล่ม 6-2563,เอทานอลสำหรับอุตสาหกรรมอาหาร,2025-11-01,3,0.0,0.25,0.4990610328638498,0.0,24.953051643192488,low
651-2535,ยางในรถยนต์,2025-11-01,3,0.0,0.25,0.4990610328638498,0.0,24.953051643192488,low
653-2554,ภาชนะพลาสติกสำหรับบรรจุนมและผลิตภัณฑ์นม,2025-11-01,1,0.0,0.5,1.0,0.0,50.0,medium
655 เล่ม 1-2553,ภาชนะและเครื่องใช้พลาสติกสำหรับอาหาร เล่ม 1 พอลิเอทิลีน พอลิพรอพิลีน พอลิสไตรีน พอลิเอทิลีนเทเรฟแทเลต พอลิไวนิลแอลกอฮอล์ และพอลิเมทิลเพนทีน,2025-11-01,602,0.4664179098676394,0.001658374792703151,0.0014450439508249052,0.46641791535490895,23.393147965286694,low
655 เล่ม 2-2554,ภาชนะและเครื่องใช้พลาสติกสำหรับอาหาร เล่ม 2 พอลิไวนิลคลอไรด์ พอลิคาร์บอเนต พอลิแอไมด์ และพอลิเมทิลเมทาคริเลต,2025-11-01,63,0.6388888800154322,0.015625,0.029430751173708917,0.638888887531772,33.41598193527405,low
655 เล่ม 3-2554,ภาชนะและเครื่องใช้พลาสติกสำหรับอาหาร เล่ม 3 อะคริโลไนไทรล์-บิวทะไดอีน-สไตรีน และสไตรีน-อะคริโลไนไทรล์,2025-11-01,74,0.7692307633136095,0.013333333333333334,0.024838810641627542,0.7692307723633832,39.70347915025054,low
659-2529,เหล็กฉากเจาะรู,2025-11-01,4,0.0,0.2,0.39887323943661973,0.0,19.943661971830988,low
660-2529,บันไดอะลูมิเนียม,2025-11-01,3,0.0,0.25,0.4990610328638498,0.0,24.953051643192488,low
683-2562,ยางในสำหรับรถจักรยานยนต์และโมเปด,2025-11-01,25,0.3749999882812504,0.038461538461538464,0.0751895991332611,0.374999992693015,22.509479591313806,low
685 เล่ม 1-2562,ของเล่น: เฉพาะด้านความปลอดภัย เล่ม 1 ข้อกำหนด,2025-11-01,547,0.9064070346065282,0.0018248175182481751,0.0017785545389123057,0.9064070452701404,45.40927999045263,medium
689-2530,ได-2-เอทิลเฮกซิลทาเลต,2025-11-01,1,0.0,0.5,1.0,0.0,50.0,medium
691-2547,สีอีพอกซีสำหรับงานทั่วไป,2025-11-01,11,0.0,0.08333333333333333,0.1651017214397496,0.0,8.25508607198748,low
692-2560,กำมะถันสำหรับอุตสาหกรรม,2025-11-01,2,0.0,0.3333333333333333,0.6660406885758998,0.0,33.30203442879499,low
696-2530,ลูกกวาดและทอฟฟี่,2025-11-01,1,0.0,0.5,1.0,0.0,50.0,medium
697-2530,ยางหุ้มขอบกระจกรถยนต์,2025-11-01,1,0.0,0.5,1.0,0.0,50.0,medium
71-2532,ลวดเหล็กเคลือบสังกะสี,2025-11-01,9,0.0,0.1,0.19849765258215962,0.0,9.924882629107982,low
710-2530,พัดลมไฟฟ้ากระแสสลับชนิดระบายอากาศ,2025-11-01,1,0.0,0.5,1.0,0.0,50.0,medium
713-2541,จาระบี,2025-11-01,1,0.0,0.5,1.0,0.0,50.0,medium
716-2532,ลวดเย็บกระดาษ,2025-11-01,2,0.0,0.3333333333333333,0.6660406885758998,0.0,33.30203442879499,low
717-2530,เครื่องเย็บกระดาษ,2025-11-01,1,0.0,0.5,1.0,0.0,50.0,medium
718-2530,แบตเตอรี่ชนิดตะกั่ว-กรดใช้ประจำที่,2025-11-01,3,0.0,0.25,0.4990610328638498,0.0,24.953051643192488,low
719-2530,แบตเตอรี่รถจักรยานยนต์,2025-11-01,1,0.0,0.5,1.0,0.0,50.0,medium
721-2551,เข็มขัดนิรภัยสำหรับรถยนต์,2025-11-01,58,0.8921568583717802,0.01694915254237288,0.032084029601336835,0.8921568688677433,46.212044923454,medium
727-2551,สีโคลทาร์อีพ็อกซี,2025-11-01,5,0.0,0.16666666666666666,0.3320813771517997,0.0,16.604068857589986,low
729-2553,กระสอบพลาสติก,2025-11-01,3,0.0,0.25,0.4990610328638498,0.0,24.953051643192488,low
730-2558,วัสดุเชื่อมสิ้นเปลือง - ลวดเชื่อมไฟฟ้ามีสารพอกหุ้มใช้เชื่อมเหล็กกล้าไร้สนิม และเหล็กกล้าทนความร้อนด้วยการเชื่อมอาร์กโลหะด้วยมือ - การจำแนกประเภท,2025-11-01,2,0.0,0.3333333333333333,0.6660406885758998,0.0,33.30203442879499,low
731-2532,ลวดเชื่อมมีสารพอกหุ้มใช้เชื่อมพอกผิวเหล็กกล้าด้วยอาร์ก,2025-11-01,2,0.0,0.3333333333333333,0.6660406885758998,0.0,33.30203442879499,low
732-2531,ลวดเชื่อมมีสารพอกหุ้มใช้เชื่อมเหล็กหล่อด้วยอาร์ก,2025-11-01,3,0.0,0.25,0.4990610328638498,0.0,24.953051643192488,low
733-2530,สารเคมีผสมเพิ่มสำหรับคอนกรีต,2025-11-01,5,0.0,0.16666666666666666,0.3320813771517997,0.0,16.604068857589986,low
737-2549,ตะแกรงเหล็กกล้าเชื่อมติดเสริมคอนกรีต,2025-11-01,53,0.0,0.018518518518518517,0.03522865588593288,0.0,1.7614327942966441,low
738-2547,นมสด,2025-11-01,2,0.0,0.3333333333333333,0.6660406885758998,0.0,33.30203442879499,low
739-2563,สีสังเคราะห์ : สีไดเร็กต์,2025-11-01,25,0.7659574305115441,0.038461538461538464,0.0751895991332611,0.765957439522808,42.057351932803456,medium
740-2563,สีสังเคราะห์ : สีรีแอกทีฟ,2025-11-01,37,0.931623923661334,0.02631578947368421,0.0508524833209785,0.9316239346216154,49.1238208971297,medium
744-2563,วงกบและกรอบบานโลหะสำหรับประตูและหน้าต่าง: หน้าต่างอะลูมิเนียม,2025-11-01,5,0.0,0.16666666666666666,0.3320813771517997,0.0,16.604068857589986,low
747-2564,ลวดเหล็กกล้าดึงเย็นเสริมคอนกรีต,2025-11-01,36,0.0,0.02702702702702703,0.05227762974241847,0.0,2.6138814871209237,low
75-2560,ปุ๋ยเคมี,2025-11-01,1,0.0,0.5,1.0,0.0,50.0,medium
756-2535,กุญแจลูกบิด,2025-11-01,10,0.0,0.09090909090909091,0.18028169014084508,0.0,9.014084507042254,low
757-2531,กุญแจคล้องสายยู,2025-11-01,1,0.0,0.5,1.0,0.0,50.0,medium
758-2551,กระดาษหนังสือพิมพ์,2025-11-01,1,0.0,0.5,1.0,0.0,50.0,medium
759-2531,บานพับสำหรับประตูและหน้าต่าง : บานพับสองปีก,2025-11-01,11,0.0,0.08333333333333333,0.1651017214397496,0.0,8.25508607198748,low
76-2517,ลวดหนามเคลือบสังกะสี,2025-11-01,2,0.0,0.3333333333333333,0.6660406885758998,0.0,33.30203442879499,low
760-2563,สีสังเคราะห์ : สีแวต,2025-11-01,20,0.9499999762500007,0.047619047619047616,0.09353901184887099,0.949999987426471,52.1769499637671,medium
764-2561,ชุดปีกผีเสื้อใช้ครั้งเดียว,2025-11-01,1,0.0,0.5,1.0,0.0,50.0,medium
769-2533,ผ้ามุ้ง,2025-11-01,4,0.0,0.2,0.39887323943661973,0.0,19.943661971830988,low
77-2565,อิฐก่อสร้างสามัญ,2025-11-01,16,0.0,0.058823529411764705,0.115990057995029,0.0,5.79950289975145,low
770-2567,ท่อเหล็กกล้าเคลือบสังกะสีสำหรับใช้ร้อยสายไฟฟ้า,2025-11-01,2,0.0,0.3333333333333333,0.6660406885758998,0.0,33.30203442879499,low
773-2531,ดอกไม้ประดิษฐ์,2025-11-01,1,0.0,0.5,1.0,0.0,50.0,medium
776-2552,หลอดพลาสติกสำหรับอาหาร,2025-11-01,2,0.0,0.3333333333333333,0.6660406885758998,0.0,33.30203442879499,low
777-2552,กระบอกฉีดยาผ่านใต้ผิวหนังปราศจากเชื้อชนิดใช้ครั้งเดียว,2025-11-01,1,0.0,0.5,1.0,0.0,50.0,medium
778-2531,โครงบานเกล็ดหน้าต่างปรับได้,2025-11-01,6,0.0,0.14285714285714285,0.28437290409121396,0.0,14.218645204560698,low
78-2549,ผงซักฟอก,2025-11-01,46,0.3928571358418369,0.02127659574468085,0.04075516931375486,0.3928571404636856,21.680615488872025,low
787-2551,เครื่องยนต์ดีเซลขนาดเล็กระบายความร้อนด้วยน้ำ,2025-11-01,19,0.7999999680000013,0.05,0.09830985915492958,0.7999999774117657,44.915491828334766,medium
788-2531,ไส้หม้อกรองอากาศที่ใช้กับเครื่องยนต์สันดาปภายใน,2025-11-01,1,0.0,0.5,1.0,0.0,50.0,medium
79-2529,กระเบื้องซีเมนต์ใยหินแผ่นลอน : ลอนคู่,2025-11-01,5,0.0,0.16666666666666666,0.3320813771517997,0.0,16.604068857589986,low
791-2565,เครื่องสุขภัณฑ์เซรามิก : อ่างล้างหน้า-ล้างมือ,2025-11-01,8,0.0,0.1111111111111111,0.22076160667709963,0.0,11.038080333854982,low
792-2554,เครื่องสุขภัณฑ์เซรามิก : โถส้วมนั่งราบ,2025-11-01,110,0.9466292108240753,0.009009009009009009,0.01617392039927251,0.9466292219608895,48.140157118008105,medium
794-2567,เครื่องสุขภัณฑ์เซรามิก : โถส้วมนั่งยอง,2025-11-01,1,0.0,0.5,1.0,0.0,50.0,medium
795-2564,เครื่องสุขภัณฑ์เซรามิก : โถปัสสาวะชาย,2025-11-01,8,0.0,0.1111111111111111,0.22076160667709963,0.0,11.038080333854982,low
796-2544,เครื่องสุขภัณฑ์วิเทรียสไชนา : โถชำระล้าง,2025-11-01,2,0.0,0.3333333333333333,0.6660406885758998,0.0,33.30203442879499,low
797-2565,เครื่องสุขภัณฑ์เซรามิก : อุปกรณ์ห้องน้ำ,2025-11-01,7,0.0,0.125,0.24859154929577465,0.0,12.429577464788732,low
8-2564,ซอสปรุงรส,2025-11-01,1,0.0,0.5,1.0,0.0,50.0,medium
80-2566,ปูนซีเมนต์ผสม,2025-11-01,9,0.0,0.1,0.19849765258215962,0.0,9.924882629107982,low
800-2545,ยางขอบประตูรถยนต์,2025-11-01,1,0.0,0.5,1.0,0.0,50.0,medium
801-2562,นั่งร้านท่อเหล็กกล้าแบบโครง,2025-11-01,2,0.0,0.3333333333333333,0.6660406885758998,0.0,33.30203442879499,low
803-2531,เชือกลวดเหล็กกล้าสำหรับลิฟต์,2025-11-01,3,0.0,0.25,0.4990610328638498,0.0,24.953051643192488,low
805-2565,เครื่องปรับความดันก๊าซปิโตรเลียมเหลว : ความดันต่ำ,2025-11-01,2,0.0,0.3333333333333333,0.6660406885758998,0.0,33.30203442879499,low
81-2548,ท่อซีเมนต์ใยหินชนิดทนความดัน,2025-11-01,2,0.0,0.3333333333333333,0.6660406885758998,0.0,33.30203442879499,low
812-2558,มอเตอร์คอมเพรสเซอร์ เฉพาะด้านความปลอดภัย,2025-11-01,125,0.9749163863295712,0.007936507936507936,0.014024890081228107,0.9749163977991758,49.447064394020195,medium
816-2565,พอลิเอทิลีนเรซิน,2025-11-01,3,0.0,0.25,0.4990610328638498,0.0,24.953051643192488,low
821-2554,ปากกาสีน้ำ,2025-11-01,1,0.0,0.5,1.0,0.0,50.0,medium
824-2551,สวิตช์ไฟฟ้าใช้ในที่อยู่อาศัยและสิ่งติดตั้งทางไฟฟ้ายึดกับที่ที่คล้ายกัน : ข้อกำหนดทั่วไป,2025-11-01,86,0.8341232187956246,0.011494252873563218,0.02115374237763747,0.8341232286088389,42.76384854932382,medium
826-2531,กระเบื้องซีเมนต์ปูพื้น,2025-11-01,27,0.0,0.03571428571428571,0.06968477531857813,0.0,3.4842387659289065,low
827-2565,คอนกรีตบล็อกประสานปูพื้น,2025-11-01,12,0.0,0.07692307692307693,0.15225713253882267,0.0,7.6128566269411335,low
828-2546,ชิ้นส่วนคอนกรีตเสริมเหล็กอัดแรงหล่อสำเร็จสำหรับระบบพื้นประกอบ,2025-11-01,381,0.0,0.002617801047120419,0.003367499938549271,0.0,0.16837499692746355,low
829-2563,วงกบและกรอบบานโลหะสำหรับประตูและหน้าต่าง: ประตูอะลูมิเนียม,2025-11-01,3,0.0,0.25,0.4990610328638498,0.0,24.953051643192488,low
83-2561,น้ำส้มสายชู,2025-11-01,3,0.0,0.25,0.4990610328638498,0.0,24.953051643192488,low
834-2556,สีโป๊ยานยนต์ : พอลิเอสเทอร์,2025-11-01,10,0.0,0.09090909090909091,0.18028169014084508,0.0,9.014084507042254,low
836-2534,โพลิสไตรีนเรซิน,2025-11-01,1,0.0,0.5,1.0,0.0,50.0,medium
838-2531,สายไฟฟ้าสำหรับวงจรควบคุม,2025-11-01,9,0.0,0.1,0.19849765258215962,0.0,9.924882629107982,low
84-2552,ชอล์กสำหรับกระดานดำ,2025-11-01,1,0.0,0.5,1.0,0.0,50.0,medium
849-2566,ปูนซีเมนต์ปอร์ตแลนด์ปอซโซลาน,2025-11-01,2,0.0,0.3333333333333333,0.6660406885758998,0.0,33.30203442879499,low
85-2548,ตัวนำลวดกลมตีเกลียวร่วมศูนย์กลางสำหรับสายไฟฟ้าเหนือดิน,2025-11-01,9,0.15384614201183525,0.1,0.19849765258215962,0.15384614382178985,17.617189820197474,low
851-2561,แอสฟัลต์ซีเมนต์สำหรับงานทาง,2025-11-01,17,0.0,0.05555555555555555,0.10944183620239957,0.0,5.472091810119979,low
854-2566,อ่างเหล็กกล้าไร้สนิมสำหรับล้างชาม,2025-11-01,2,0.0,0.3333333333333333,0.6660406885758998,0.0,33.30203442879499,low
862-2532,บานพับสำหรับหน้าต่าง : บานพับปรับมุมชนิดฝืด,2025-11-01,1,0.0,0.5,1.0,0.0,50.0,medium
865-2544,คัตแบกแอสฟัลต์,2025-11-01,9,0.0,0.1,0.19849765258215962,0.0,9.924882629107982,low
872-2532,หม้อกรองน้ำมันเครื่องชนิดถอดเปลี่ยนทั้งชุดสำหรับรถยนต์,2025-11-01,3,0.0,0.25,0.4990610328638498,0.0,24.953051643192488,low
875-2565,เครื่องปรับความดันก๊าซปิโตรเลียมเหลว : ความดันสูง,2025-11-01,2,0.0,0.3333333333333333,0.6660406885758998,0.0,33.30203442879499,low
878-2566,แผ่นชิ้นไม้อัดซีเมนต์ : ความหนาแน่นสูง,2025-11-01,2,0.0,0.3333333333333333,0.6660406885758998,0.0,33.30203442879499,low
879-2553,ไฟแช็กก๊าซ,2025-11-01,24,0.8717948494411578,0.04,0.07827230046948357,0.8717948596975679,47.50335800835257,medium
880-2560,กระจกโฟลตใส,2025-11-01,43,0.9266054960861881,0.022727272727272728,0.04366197183098591,0.9266055069874293,48.51337394092076,medium
882-2532,เครื่องดับเพลิงยกหิ้ว : โฟม,2025-11-01,8,0.499999950000005,0.1111111111111111,0.22076160667709963,0.4999999558823574,36.03807812797285,low
885-2551,บัลลาสต์อิเล็กทรอนิกส์ใช้กับไฟฟ้ากระแสสลับสำหรับหลอดฟลูออเรสเซนซ์ เฉพาะด้านความปลอดภัย,2025-11-01,5,0.0,0.16666666666666666,0.3320813771517997,0.0,16.604068857589986,low
897-2564,ไฮโดรเจนเพอร์ออกไซด์สำหรับอุตสาหกรรม,2025-11-01,1,0.0,0.5,1.0,0.0,50.0,medium
9-2550,ลูกแบดมินตัน,2025-11-01,2,0.0,0.3333333333333333,0.6660406885758998,0.0,33.30203442879499,low
900-2565,ถ่านกัมมันต์สำหรับอุตสาหกรรมทั่วไป,2025-11-01,2,0.0,0.3333333333333333,0.6660406885758998,0.0,33.30203442879499,low
902 เล่ม 2(1)-2563,ดวงโคมไฟฟ้าติดประจำที่สำหรับจุดประสงค์ทั่วไป,2025-11-01,15,0.0,0.0625,0.12335680751173708,0.0,6.167840375586854,low
902 เล่ม 2(22)-2560,ดวงโคมไฟฟ้าฉุกเฉิน,2025-11-01,4,0.0,0.2,0.39887323943661973,0.0,19.943661971830988,low
902 เล่ม 2(3)-2557,ดวงโคมไฟฟ้าสำหรับให้แสงสว่างบนถนน,2025-11-01,35,0.0,0.027777777777777776,0.05378195096504955,0.0,2.6890975482524775,low
902 เล่ม 2(5)-2563,ดวงโคมไฟฟ้าสาดแสง,2025-11-01,11,0.0,0.08333333333333333,0.1651017214397496,0.0,8.25508607198748,low
909-2548,เครื่องตัดวงจรกระแสเหลือแบบมีอุปกรณ์ป้องกันกระแสเกิน สำหรับใช้ในที่อยู่อาศัยและใช้ในลักษณะที่คล้ายกัน,2025-11-01,61,0.7608695597038437,0.016129032258064516,0.030440708768741477,0.7608695686552504,39.56551387119959,low
910-2532,ท่อโพลิบิวทิลีนสำหรับใช้เป็นท่อน้ำดื่ม,2025-11-01,6,0.0,0.14285714285714285,0.28437290409121396,0.0,14.218645204560698,low
913-2550,แคปซูลเจลาตินชนิดแข็ง,2025-11-01,1,0.0,0.5,1.0,0.0,50.0,medium
915 เล่ม 1-2562,วาล์วถังก๊าซปิโตรเลียมเหลว เล่ม 1 แบบกดล็อก,2025-11-01,2,0.0,0.3333333333333333,0.6660406885758998,0.0,33.30203442879499,low
915 เล่ม 2-2562,วาล์วถังก๊าซปิโตรเลียมเหลว เล่ม 2 แบบมือหมุน,2025-11-01,3,0.0,0.25,0.4990610328638498,0.0,24.953051643192488,low
918-2535,อุปกรณ์และข้อต่อเหล็กหล่อเทาสำหรับท่อส่งน้ำชนิดทนความดัน,2025-11-01,24,0.0,0.04,0.07827230046948357,0.0,3.9136150234741782,low
92-2536,พัดลมไฟฟ้ากระแสสลับชนิดตั้งโต๊ะและติดผนัง,2025-11-01,4,0.0,0.2,0.39887323943661973,0.0,19.943661971830988,low
921-2551,โต๊ะเทเบิลเทนนิส,2025-11-01,4,0.0,0.2,0.39887323943661973,0.0,19.943661971830988,low
927-2533,แบไรต์สำหรับเจาะบ่อปิโตรเลียม,2025-11-01,1,0.0,0.5,1.0,0.0,50.0,medium
93-2563,แหนบแผ่น - คุณลักษณะทางเทคนิค,2025-11-01,1,0.0,0.5,1.0,0.0,50.0,medium
934-2558,พัดลมไฟฟ้ากระแสสลับ - คุณลักษณะที่ต้องการด้านความปลอดภัย,2025-11-01,339,0.7504332742626806,0.0029411764705882353,0.004015465341066004,0.7504332830913073,37.722437421618665,low
940-2562,ลูกฟุตบอล,2025-11-01,4,0.0,0.2,0.39887323943661973,0.0,19.943661971830988,low
941-2563,ลูกบาสเกตบอล,2025-11-01,4,0.0,0.2,0.39887323943661973,0.0,19.943661971830988,low
942-2563,ลูกวอลเลย์บอล,2025-11-01,4,0.0,0.2,0.39887323943661973,0.0,19.943661971830988,low
943-2564,ลวดเหล็กกล้าข้ออ้อยดึงเย็นเสริมคอนกรีต,2025-11-01,24,0.0,0.04,0.07827230046948357,0.0,3.9136150234741782,low
948-2556,แป้งถั่วเขียว,2025-11-01,1,0.0,0.5,1.0,0.0,50.0,medium
95-2540,ลวดเหล็กกล้าสำหรับคอนกรีตอัดแรง,2025-11-01,18,0.16666666203703717,0.05263157894736842,0.10358290091425747,0.16666666399782143,13.512478245603946,low
950-2547,แอลกอฮอล์แข็งสำหรับใช้เป็นเชื้อเพลิง,2025-11-01,11,0.0,0.08333333333333333,0.1651017214397496,0.0,8.25508607198748,low
951-2533,แผ่นยางรองสะพาน,2025-11-01,3,0.0,0.25,0.4990610328638498,0.0,24.953051643192488,low
952-2533,หมึกอัดสำเนา,2025-11-01,2,0.0,0.3333333333333333,0.6660406885758998,0.0,33.30203442879499,low
955 เล่ม 6-2554,สายไฟฟ้าหุ้มฉนวนยาง แรงดันไฟฟ้าที่กำหนดไม่เกิน 450/750 โวลต์ เล่ม 6 สายอิเล็กโทรดของเครื่องเชื่อมอาร์ก,2025-11-01,1,0.0,0.5,1.0,0.0,50.0,medium
956-2557,หลอดฟลูออเรสเซนซ์ขั้วคู่ -คุณลักษณะที่ต้องการด้านความปลอดภัย,2025-11-01,17,0.8260869206049165,0.05555555555555555,0.10944183620239957,0.8260869303235862,46.776438326299285,medium
96 เล่ม 2-2560,แบตเตอรี่ปฐมภูมิ เล่ม 2 ข้อกำหนดคุณลักษณะทางรูปร่างและทางไฟฟ้า,2025-11-01,1,0.0,0.5,1.0,0.0,50.0,medium
965-2560,กระจกเทมเปอร์,2025-11-01,117,0.7111111071604939,0.00847457627118644,0.015103047664518181,0.7111111155265069,36.310708159551254,low
967-2533,กระเทียมผง,2025-11-01,1,0.0,0.5,1.0,0.0,50.0,medium
969-2562,หัวนมยางสำหรับขวดนม,2025-11-01,37,0.5365853527662109,0.02631578947368421,0.0508524833209785,0.5365853590789798,29.371892119997913,low
97-2557,ผ้าเบรกสำหรับยานยนต์,2025-11-01,4,0.0,0.2,0.39887323943661973,0.0,19.943661971830988,low
971-2533,เสารั้วคอนกรีตเสริมเหล็กอัดแรงหล่อสำเร็จ,2025-11-01,6,0.0,0.14285714285714285,0.28437290409121396,0.0,14.218645204560698,low
975-2538,กระบอกไฮดรอลิกสำหรับอุตสาหกรรมทั่วไป,2025-11-01,8,0.0,0.1111111111111111,0.22076160667709963,0.0,11.038080333854982,low
980-2552,น้ำยางข้นธรรมชาติ,2025-11-01,1,0.0,0.5,1.0,0.0,50.0,medium
982-2556,ท่อพอลิเอทิลีนสำหรับน้ำดื่ม,2025-11-01,28,0.0,0.034482758620689655,0.06721709567751336,0.0,3.3608547838756677,low
989-2562,ถังเหล็กกล้าไร้สนิมสำหรับเก็บน้ำ,2025-11-01,6,0.0,0.14285714285714285,0.28437290409121396,0.0,14.218645204560698,low
998-2553,ภาชนะพลาสติกสำหรับบรรจุน้ำบริโภค,2025-11-01,5,0.0,0.16666666666666666,0.3320813771517997,0.0,16.604068857589986,low
999-2533,ท่อพีวีซีแข็งสำหรับใช้ในงานอุตสาหกรรม,2025-11-01,3,0.0,0.25,0.4990610328638498,0.0,24.953051643192488,low
