tis_number,tis_name_th,snapshot_date,num_manufacturing_licenses,num_import_licenses,num_display_licenses,total_licenses,num_manufacturing_licenses_diff,num_manufacturing_licenses_pct_change,num_import_licenses_diff,num_import_licenses_pct_change,num_display_licenses_diff,num_display_licenses_pct_change,total_licenses_diff,total_licenses_pct_change
1005-2564,สีเคลือบกึ่งเงาแอลคีด,2025-11-01,0,0,2,2,,,,,,,,
1006-2558,ท่อเหล็กกล้าไร้สนิมออสเทไนต์สำหรับงานอุณหภูมิสูงและทนการกัดกร่อนทั่วไป,2025-11-01,0,0,2,2,,,,,,,,
1013-2533,บานประตูพีวีซี,2025-11-01,0,0,24,24,,,,,,,,
1020-2533,เครื่องเรือนสำหรับสำนักงาน : เก้าอี้ทำงานปรับได้,2025-11-01,0,0,13,13,,,,,,,,
1023-2534,ผลิตภัณฑ์ลบคำผิดสำหรับกระดาษพิมพ์และเขียน,2025-11-01,0,0,3,3,,,,,,,,
1024-2563,อาร์กอน,2025-11-01,0,0,8,8,,,,,,,,
1025-2562,หัวนมยางดูดเล่น,2025-11-01,11,15,0,26,,,,,,,,
1032-2534,น้ำยาประสานท่อพีวีซีแข็งและข้อต่อท่อพีวีซีแข็ง,2025-11-01,0,0,15,15,,,,,,,,
1033-2552,แลกเกอร์แอโรซอล,2025-11-01,0,0,1,1,,,,,,,,
1039-2547,หม้อหุงข้าวไฟฟ้า เฉพาะด้านความปลอดภัย,2025-11-01,98,291,0,389,,,,,,,,
1040-2541,น้ำมันเครื่องสำหรับเครื่องยนต์เบนซินสองจังหวะ,2025-11-01,10,0,0,10,,,,,,,,
1045-2535,กระดาษพิมพ์ต่อเนื่อง,2025-11-01,0,0,2,2,,,,,,,,
1048-2551,สีอีพ็อกซีสำหรับเคลือบท่อเหล็กกล้าส่งน้ำบริโภค,2025-11-01,0,0,12,12,,,,,,,,
1052-2534,ชุดระบายน้ำหลังคา,2025-11-01,0,0,2,2,,,,,,,,
1053-2534,ชุดระบายน้ำพื้น,2025-11-01,0,0,3,3,,,,,,,,
1054-2560,กระดาษถ่ายเอกสาร,2025-11-01,0,0,10,10,,,,,,,,
1056 เล่ม 1-2556,ถุงมือสำหรับการตรวจวินิจฉัยทางการแพทย์ชนิดใช้ครั้งเดียว เล่ม 1 : เกณฑ์กำหนดสำหรับถุงมือที่ทำจากน้ำยางหรือสารละลายยาง,2025-11-01,31,5,0,36,,,,,,,,
1062-2561,ท่อยางสำหรับงานเชื่อม งานตัด และงานประกบด้วยก๊าซ,2025-11-01,0,0,1,1,,,,,,,,
1065-2534,เบนทอไนต์สำหรับทำโคลนเจาะ,2025-11-01,0,0,1,1,,,,,,,,
107-2566,ท่อเหล็กกล้าคาร์บอนสำหรับงานโครงสร้างทั่วไป,2025-11-01,0,0,31,31,,,,,,,,
1092-2548,สีรองพื้นกัดผิว,2025-11-01,0,0,1,1,,,,,,,,
1097-2556,สีอะคริลิกเคลือบกระเบื้องซีเมนต์เส้นใยมุงหลังคา,2025-11-01,0,0,4,4,,,,,,,,
11 เล่ม 101-2559,สายไฟฟ้าหุ้มฉนวนพอลิไวนิลคลอไรด์ แรงดันไฟฟ้าที่กำหนดไม่เกิน 450/750 โวลต์ เล่ม 101 สายไฟฟ้ามีเปลือกสำหรับงานทั่วไป,2025-11-01,45,6,0,51,,,,,,,,
11 เล่ม 3-2553,สายไฟฟ้าหุ้มฉนวนพอลิไวนิลคลอไรด์ แรงดันไฟฟ้าที่กำหนดไม่เกิน 450/750 โวลต์ เล่ม 3 สายไฟฟ้าไม่มีเปลือกสำหรับงานติดตั้งยึดกับที่,2025-11-01,108,28,0,136,,,,,,,,
11 เล่ม 4-2553,สายไฟฟ้าหุ้มฉนวนพอลิไวนิลคลอไรด์ แรงดันไฟฟ้าที่กำหนดไม่เกิน 450/750 โวลต์ เล่ม 4 สายไฟฟ้ามีเปลือกสำหรับงานติดตั้งยึดกับที่,2025-11-01,40,2,0,42,,,,,,,,
11 เล่ม 5-2553,สายไฟฟ้าหุ้มฉนวนพอลิไวนิลคลอไรด์ แรงดันไฟฟ้าที่กำหนดไม่เกิน 450/750 โวลต์ เล่ม 5 สายอ่อน,2025-11-01,95,30,0,125,,,,,,,,
1101-2535,อุปกรณ์ช่วยปิดประตูสำหรับประตูบานผลักสองทาง,2025-11-01,0,0,11,11,,,,,,,,
111-2538,ผ้าถักวงกลม,2025-11-01,0,0,1,1,,,,,,,,
1115-2535,แฟ้มกระดาษ,2025-11-01,0,0,3,3,,,,,,,,
1122-2546,เก้าอี้ผู้ปฏิบัติการทันตกรรม,2025-11-01,0,0,6,6,,,,,,,,
1123-2555,สีรองพื้นสำหรับงานปูน,2025-11-01,0,0,48,48,,,,,,,,
1128-2562,แผ่นเหล็กมุงหลังคา,2025-11-01,0,0,26,26,,,,,,,,
1129-2535,ชุดพื้นยก,2025-11-01,0,0,2,2,,,,,,,,
113-2562,ตะปูเหล็ก,2025-11-01,0,0,7,7,,,,,,,,
1132-2536,ภาชนะพลาสติกสำหรับบรรจุผลิตภัณฑ์ปิโตรเลียมจุดวาบไฟสูง,2025-11-01,0,0,1,1,,,,,,,,
1136-2559,ฟิล์มยืดหุ้มห่ออาหาร,2025-11-01,5,8,0,13,,,,,,,,
1139-2536,ท่อทองแดงไร้ตะเข็บ,2025-11-01,0,0,8,8,,,,,,,,
1141-2565,ถ้วยกระดาษสำหรับเครื่องดื่ม,2025-11-01,0,0,4,4,,,,,,,,
1146-2536,ชุดล้อสำหรับประตูและหน้าต่างบานเลื่อนอะลูมิเนียม,2025-11-01,0,0,3,3,,,,,,,,
1147-2549,ดินสอสี,2025-11-01,0,0,3,3,,,,,,,,
1149-2548,สีเทียน,2025-11-01,9,14,0,23,,,,,,,,
115-2529,กุ้งเยือกแข็ง,2025-11-01,0,0,1,1,,,,,,,,
1155-2557,เครื่องปรับอากาศสำหรับห้อง แบบแยกส่วน,2025-11-01,0,0,116,116,,,,,,,,
1163-2536,แผ่นเทอร์โมเซตติงแลมิเนต,2025-11-01,0,0,4,4,,,,,,,,
1164-2559,ท่อคอนกรีตเสริมเหล็กหล่อสำเร็จรูปสี่เหลี่ยมสำหรับงานระบายน้ำใต้ทางเท้า วัสดุถมไม่เกิน 3.0 m,2025-11-01,0,0,137,137,,,,,,,,
1165-2559,ท่อคอนกรีตเสริมเหล็กหล่อสำเร็จรูปสี่เหลี่ยมสำหรับงานระบายน้ำใต้ผิวจราจร วัสดุถมน้อยกว่า 0.6 m,2025-11-01,0,0,33,33,,,,,,,,
1166-2559,ท่อคอนกรีตเสริมเหล็กหล่อสำเร็จรูปสี่เหลี่ยมสำหรับงานระบายน้ำใต้ผิวจราจร วัสดุถมระหว่าง 0.6 m ถึง 3.0 m,2025-11-01,0,0,149,149,,,,,,,,
1170-2536,ฟรักโทสซิรัป,2025-11-01,0,0,1,1,,,,,,,,
1177-2556,น้ำยารองพื้นสำหรับพื้นผิวที่เป็นฝุ่น,2025-11-01,0,0,21,21,,,,,,,,
1178-2549,สารขึ้นรูปยูเรียฟอร์มาลดีไฮด์,2025-11-01,0,0,2,2,,,,,,,,
118-2522,สายไฟฟ้าแรงต่ำสำหรับรถยนต์,2025-11-01,0,0,14,14,,,,,,,,
1180(1)-2538,รถยนต์ขนาดใหญ่ที่ใช้เครื่องยนต์ดีเซล เฉพาะด้านความปลอดภัย : สารมลพิษจากเครื่องยนต์ ระดับที่ 1,2025-11-01,0,0,5,5,,,,,,,,
1181-2536,ขวดนมพลาสติก,2025-11-01,0,0,1,1,,,,,,,,
1183-2536,เครื่องเรือนสำหรับสำนักงาน : โต๊ะทำงานเหล็กกล้า,2025-11-01,0,0,4,4,,,,,,,,
1189-2536,ก๊อกน้ำสำหรับฝักบัวอาบน้ำ,2025-11-01,0,0,2,2,,,,,,,,
1193-2536,บ่อพักคอนกรีตเสริมเหล็กหล่อสำเร็จสำหรับงานระบายน้ำ,2025-11-01,0,0,5,5,,,,,,,,
12-2530,กระเบื้องซีเมนต์ใยหินแผ่นเรียบ,2025-11-01,0,0,14,14,,,,,,,,
1200-2536,หมุดเกลียวเหล็กกล้าไร้สนิมยึดกระดูกหัวหลุมหกเหลี่ยมฐานหัวจมรูปทรงกลมเกลียวอสมมาตร,2025-11-01,0,0,1,1,,,,,,,,
1220-2541,ชุดประตูทนไฟแบบบานเปิด,2025-11-01,0,0,17,17,,,,,,,,
1222-2560,กระจกนิรภัยหลายชั้น,2025-11-01,35,87,0,122,,,,,,,,
1227-2558,เหล็กโครงสร้างรูปพรรณรีดร้อน,2025-11-01,19,19,0,38,,,,,,,,
1228-2561,เหล็กโครงสร้างรูปพรรณขึ้นรูปเย็น สำหรับงานโครงสร้างทั่วไป,2025-11-01,45,0,0,45,,,,,,,,
1230-2537,จานเรซินอยด์สำหรับตัด,2025-11-01,0,0,3,3,,,,,,,,
1231-2560,กระจกฉนวน,2025-11-01,14,71,0,85,,,,,,,,
1237-2537,ฝาและขอบบ่อพักคอนกรีตเสริมเหล็กหล่อสำเร็จ,2025-11-01,0,0,3,3,,,,,,,,
124-2518,สายพานแบนส่งกำลัง,2025-11-01,0,0,2,2,,,,,,,,
1245-2553,สารอัดแบบเมลามีนฟอร์แมลดีไฮด์,2025-11-01,0,0,3,3,,,,,,,,
1253-2537,เครื่องเรือนอเนกประสงค์ : เก้าอี้โลหะ,2025-11-01,0,0,5,5,,,,,,,,
126-2548,ข้อต่อซีเมนต์ใยหินชนิดทนความดัน,2025-11-01,0,0,3,3,,,,,,,,
127-2536,พัดลมไฟฟ้ากระแสสลับชนิดตั้งพื้น,2025-11-01,0,0,4,4,,,,,,,,
1277-2555,ก๊อกน้ำสำหรับอ่างล้างชาม,2025-11-01,0,0,6,6,,,,,,,,
1278-2555,ก๊อกน้ำสำหรับอ่างล้างหน้า-ล้างมือ,2025-11-01,0,0,9,9,,,,,,,,
128-2560,ท่อคอนกรีตเสริมเหล็กหล่อสำเร็จสำหรับงานระบายน้ำ,2025-11-01,0,0,457,457,,,,,,,,
1282-2538,สะดือสำหรับอ่างล้างหน้า-ล้างมือ,2025-11-01,0,0,2,2,,,,,,,,
1283-2538,เครื่องตัดหญ้าแบบใบมีดหมุนเหวี่ยงตามแนวระดับสำหรับรถแทรกเตอร์ล้อยางเพื่อการเกษตร,2025-11-01,0,0,1,1,,,,,,,,
1284-2560,ตู้เหล็กเก็บสัมภาระ,2025-11-01,0,0,9,9,,,,,,,,
1288-2538,วงกบและกรอบบานโลหะสำหรับประตูและหน้าต่าง : ประตูเหล็กกล้าขึ้นรูปเย็น,2025-11-01,0,0,27,27,,,,,,,,
13-2566,กรดซัลฟิวริกสำหรับแบตเตอรี่ชนิดตะกั่ว-กรด,2025-11-01,0,0,2,2,,,,,,,,
1303-2538,เหล็กโครงสร้างรูปพรรณเชื่อมประกอบ,2025-11-01,0,0,3,3,,,,,,,,
1306-2566,พอลิโพรพิลีนเรซิน,2025-11-01,0,0,5,5,,,,,,,,
131-2523,รองเท้าแตะฟองน้ำ,2025-11-01,0,0,2,2,,,,,,,,
1316-2562,ชั้นโลหะวางของ,2025-11-01,0,0,1,1,,,,,,,,
1318-2552,ทินเนอร์ระเหยช้า,2025-11-01,0,0,1,1,,,,,,,,
132-2564,รองเท้าผ้าใบ,2025-11-01,0,0,1,1,,,,,,,,
1326-2560,เครื่องเรือนสำหรับที่พักอาศัย : ตู้เหล็กเก็บเสื้อผ้า,2025-11-01,0,0,4,4,,,,,,,,
133-2562,ปูนซีเมนต์ปอร์ตแลนด์ขาว,2025-11-01,1,5,0,6,,,,,,,,
1342-2539,น้ำตาลทรายแดง,2025-11-01,0,0,1,1,,,,,,,,
1344-2560,กระจกโฟลตสีตัดแสง,2025-11-01,8,78,0,86,,,,,,,,
1350-2539,รถแทรกเตอร์เดินตาม,2025-11-01,0,0,1,1,,,,,,,,
1368-2539,ประตูระบายอากาศสำหรับงานประปา,2025-11-01,0,0,26,26,,,,,,,,
1377-2555,ก๊อกน้ำปิดอัตโนมัติสำหรับอ่างล้างหน้า-ล้างมือ,2025-11-01,0,0,5,5,,,,,,,,
1378-2559,เหล็กกล้าไร้สนิมทรงแบนรีดเย็น แผ่นม้วน แผ่นแถบ และแผ่นตัด,2025-11-01,0,0,2,2,,,,,,,,
1379-2551,ถังเก็บน้ำพลาสติก,2025-11-01,0,0,50,50,,,,,,,,
138-2562,ลวดผูกเหล็ก,2025-11-01,0,0,6,6,,,,,,,,
1388-2539,ทองแดงและทองแดงเจือแผ่นและแผ่นแถบ,2025-11-01,0,0,1,1,,,,,,,,
1389-2559,เครื่องอบผ้า คุณลักษณะที่ต้องการด้านความปลอดภัย,2025-11-01,6,83,0,89,,,,,,,,
1390-2560,เข็มพืดเหล็กกล้ารีดร้อน,2025-11-01,1,7,0,8,,,,,,,,
1394-2561,สายดูดเสมหะสำหรับใช้ครั้งเดียว,2025-11-01,0,0,5,5,,,,,,,,
1395-2562,บล็อกแก้วกลวง,2025-11-01,0,0,2,2,,,,,,,,
1398-2565,เข็มฉีดยาผ่านใต้ผิวหนังปราศจากเชื้อชนิดใช้ครั้งเดียว,2025-11-01,0,0,1,1,,,,,,,,
14-2565,มอโนโซเดียม แอล-กลูทาเมต,2025-11-01,0,0,3,3,,,,,,,,
1404-2540,ที่นอนฟองน้ำโพลิยูรีเทน,2025-11-01,0,0,1,1,,,,,,,,
1406-2564,สีเคลือบด้านแอลคีด,2025-11-01,0,0,2,2,,,,,,,,
1407-2540,กระเบื้องซีเมนต์เส้นใยแผ่นลอน,2025-11-01,0,0,19,19,,,,,,,,
1413-2540,ประตูน้ำเหล็กหล่อ : ลิ้นยกแบบลิ้นหุ้มยางสำหรับงานประปา,2025-11-01,0,0,4,4,,,,,,,,
1414-2540,แผงรั้วโลหะ,2025-11-01,0,0,2,2,,,,,,,,
1419-2540,เครื่องกรองน้ำชนิดใช้ถ่านกัมมันต์เม็ดและเรซินแลกเปลี่ยนแคตไอออน,2025-11-01,0,0,3,3,,,,,,,,
1420-2551,ไส้กรองความขุ่นสำหรับเครื่องกรองน้ำดื่ม,2025-11-01,0,0,4,4,,,,,,,,
1424-2540,เครื่องเรือนสำหรับสำนักงาน: ฉากกั้นห้อง,2025-11-01,0,0,1,1,,,,,,,,
1425-2540,ที่นอนยางฟองน้ำลาเทกซ์,2025-11-01,0,0,2,2,,,,,,,,
1427-2561,แผ่นซีเมนต์เส้นใย : แผ่นเรียบ,2025-11-01,0,0,17,17,,,,,,,,
1436 เล่ม 2-2564,ชุดประกอบสวิตช์เกียร์และเกียร์ควบคุมไฟฟ้าแรงดันต่ำ เล่ม 2 ชุดสวิตช์เกียร์และชุดเกียร์ควบคุม,2025-11-01,0,0,28,28,,,,,,,,
1436 เล่ม 3-2564,ชุดประกอบสวิตช์เกียร์และเกียร์ควบคุมไฟฟ้าแรงดันต่ำ เล่ม 3 บอร์ดจ่ายไฟฟ้าประสงค์ให้ใช้งานโดยบุคคลทั่วไป,2025-11-01,20,0,18,38,,,,,,,,
1439-2558,ท่อเหล็กกล้าไร้สนิมออสเทไนต์สำหรับหม้อน้ำเครื่องกำเนิดไอน้ำยวดยิ่ง เครื่องแลกเปลี่ยนความร้อน และเครื่องควบแน่น,2025-11-01,0,0,2,2,,,,,,,,
1462-2562,เครื่องซักผ้าใช้ในที่อยู่อาศัย-คุณลักษณะที่ต้องการด้านประสิทธิภาพพลังงาน,2025-11-01,10,79,0,89,,,,,,,,
1463-2556,เครื่องซักผ้าใช้ในที่อยู่อาศัย - คุณลักษณะที่ต้องการด้านความปลอดภัย,2025-11-01,21,155,0,176,,,,,,,,
1479-2558,เหล็กกล้าทรงแบนรีดร้อน สำหรับงานโครงสร้างทั่วไป,2025-11-01,93,407,0,500,,,,,,,,
1483-2549,ท่อไฟเบอร์กลาสส์รับความดันสำหรับงานประปา,2025-11-01,0,0,11,11,,,,,,,,
1484-2540,ท่อไฟเบอร์กลาสส์รับความดันสำหรับงานอุตสาหกรรมและงานระบายน้ำเสีย,2025-11-01,0,0,8,8,,,,,,,,
1485-2540,ท่อไฟเบอร์กลาสส์ไม่รับความดันสำหรับงานอุตสาหกรรมและงานระบายน้ำเสีย,2025-11-01,0,0,4,4,,,,,,,,
1495-2567,เครื่องเรือนสำหรับสถานศึกษา : เก้าอี้เรียน,2025-11-01,0,0,1,1,,,,,,,,
1496-2560,เครื่องเรือนสำหรับสำนักงาน : ชุดตู้เหล็กเลื่อน,2025-11-01,0,0,4,4,,,,,,,,
1497-2548,ชุดหัวฉีดชะล้าง,2025-11-01,0,0,11,11,,,,,,,,
1499-2563,เหล็กกล้าทรงแบนรีดร้อน สำหรับงานโครงสร้างเชื่อมประกอบ,2025-11-01,23,54,0,77,,,,,,,,
15-2562,ปูนซีเมนต์ปอร์ตแลนด์,2025-11-01,15,15,0,30,,,,,,,,
150-2562,โซเดียมไฮดรอกไซด์สำหรับอุตสาหกรรม,2025-11-01,0,0,8,8,,,,,,,,
1500-2541,บานประตูรั้วโลหะ,2025-11-01,0,0,2,2,,,,,,,,
1501-2564,เหล็กกล้าทรงแบนรีดร้อน สำหรับงานโครงสร้างเครื่องจักรกล,2025-11-01,21,42,0,63,,,,,,,,
1505-2541,ชิ้นส่วนคอนกรีตมวลเบาแบบมีฟองอากาศ-อบไอน้ำ,2025-11-01,0,0,20,20,,,,,,,,
1510-2541,แผ่นคอนกรีตมวลเบาเสริมเหล็กแบบมีฟองอากาศ-อบไอน้ำ,2025-11-01,0,0,3,3,,,,,,,,
1512-2563,สีย้อมไม้ชนิดน้ำ,2025-11-01,0,0,2,2,,,,,,,,
1513-2563,สีย้อมเคลือบไม้ชนิดตัวทำละลาย,2025-11-01,0,0,5,5,,,,,,,,
1521-2541,กาวสำหรับกระดาษ,2025-11-01,0,0,5,5,,,,,,,,
1529-2561,เครื่องปรับอากาศ คุณลักษณะที่ต้องการด้านความปลอดภัย,2025-11-01,32,107,0,139,,,,,,,,
153-2565,อิฐกลวงก่อแผงไม่รับน้ำหนัก,2025-11-01,0,0,7,7,,,,,,,,
155-2562,น้ำหวานเข้มข้น,2025-11-01,0,0,2,2,,,,,,,,
156-2518,พิวเตอร์,2025-11-01,0,0,2,2,,,,,,,,
1561-2556,บริภัณฑ์เทคโนโลยีสารสนเทศ - ความปลอดภัย เล่ม 1 คุณลักษณะที่ต้องการทั่วไป,2025-11-01,0,0,1,1,,,,,,,,
1568-2541,บานประตูโพลิเอสเตอร์เสริมใยแก้ว,2025-11-01,0,0,9,9,,,,,,,,
1569-2541,วงกบโพลิเอสเตอร์เสริมใยแก้วสำหรับประตู,2025-11-01,0,0,3,3,,,,,,,,
158-2518,กระเบื้องดินเผามุงหลังคา,2025-11-01,0,0,5,5,,,,,,,,
1580-2541,บัตรชี้บ่งลักษณะเฉพาะตัว - ลักษณะสมบัติทางกายภาพ,2025-11-01,0,0,2,2,,,,,,,,
163-2535,ลวดเหล็กกล้าคาร์บอนต่ำอบอ่อน,2025-11-01,0,0,2,2,,,,,,,,
1641-2552,เตาย่าง เตาปิ้ง และเครื่องทำอาหารเคลื่อนย้ายได้ที่คล้ายกัน เฉพาะด้านความปลอดภัย,2025-11-01,31,621,0,652,,,,,,,,
165-2554,สารส้ม,2025-11-01,0,0,24,24,,,,,,,,
1651-2541,วงกบและกรอบบานโลหะสำหรับประตูและหน้าต่าง : วงกบเหล็กกล้า,2025-11-01,0,0,21,21,,,,,,,,
166-2549,เต้าเสียบและเต้ารับสำหรับใช้ในที่อยู่อาศัยและงานทั่วไปที่มีจุดประสงค์คล้ายกัน : เต้าเสียบและเต้ารับที่มีแรงดันไฟฟ้าที่กำหนดไม่เกิน 250 โวลต์,2025-11-01,65,160,0,225,,,,,,,,
167-2528,อิฐประดับคัลเซียมซิลิเกตหรืออิฐปูนขาวทราย,2025-11-01,0,0,2,2,,,,,,,,
1677-2541,แท่นประทับตรา,2025-11-01,0,0,3,3,,,,,,,,
1678-2541,หมึกประทับตรา,2025-11-01,0,0,1,1,,,,,,,,
1693-2547,เครื่องทำน้ำร้อนไฟฟ้า น้ำผ่านร้อนทันที เฉพาะด้านความปลอดภัย,2025-11-01,71,135,0,206,,,,,,,,
17-2561,ท่อพีวีซีแข็งสำหรับใช้เป็นท่อน้ำดื่ม,2025-11-01,41,1,0,42,,,,,,,,
173-2529,ยางฟองน้ำลาเทกซ์,2025-11-01,0,0,1,1,,,,,,,,
1732-2558,กระจกเงา,2025-11-01,0,0,2,2,,,,,,,,
1735-2563,เหล็กกล้าแผ่นม้วนรีดร้อน สำหรับงานท่อ,2025-11-01,14,22,0,36,,,,,,,,
1745-2547,ผลิตภัณฑ์ซักผ้าชนิดเหลว,2025-11-01,0,0,3,3,,,,,,,,
1746-2545,แอมโมเนียมไนเทรตสำหรับทำวัตถุระเบิดแอนโฟ,2025-11-01,2,89,0,91,,,,,,,,
175-2562,ไนโตรเจน,2025-11-01,0,0,12,12,,,,,,,,
176-2561,น้ำมันถั่วเหลืองสำหรับบริโภค,2025-11-01,0,0,5,5,,,,,,,,
1773-2548,เตาไมโครเวฟสำหรับใช้ในที่อยู่อาศัย เฉพาะด้านความปลอดภัย,2025-11-01,48,280,0,328,,,,,,,,
1776-2566,มอร์ตาร์สำหรับฉาบ,2025-11-01,0,0,14,14,,,,,,,,
1777-2558,แคโพรแล็กแทมสำหรับอุตสาหกรรม,2025-11-01,0,0,1,1,,,,,,,,
178-2549,แผ่นไม้อัด,2025-11-01,0,0,21,21,,,,,,,,
18-2529,กระเบื้องซีเมนต์ใยหินแผ่นลอน : ลอนลูกฟูก,2025-11-01,0,0,7,7,,,,,,,,
181-2530,กาวโพลิไวนิลอะซีเทตอิมัลชัน,2025-11-01,0,0,1,1,,,,,,,,
182-2562,สำลีที่ใช้ในการแพทย์,2025-11-01,0,0,5,5,,,,,,,,
183-2562,โกลว์สตาร์ตเตอร์สำหรับหลอดฟลูออเรสเซนซ์,2025-11-01,0,1,0,1,,,,,,,,
1878-2550,เครื่องจ่ายเชิงพาณิชย์และเครื่องขายสินค้าอัตโนมัติ เฉพาะด้านความปลอดภัย,2025-11-01,0,0,6,6,,,,,,,,
188-2547,ปูนยิปซัมสำหรับการก่อสร้าง,2025-11-01,0,0,3,3,,,,,,,,
1884-2564,เหล็กกล้าทรงแบนรีดร้อน ทนแรงดึงสูงที่ปรับปรุงสมบัติการขึ้นรูป สำหรับงานโครงสร้างรถยนต์,2025-11-01,30,99,0,129,,,,,,,,
194-2535,ลวดเหล็กกล้าคาร์บอนต่ำ,2025-11-01,0,0,43,43,,,,,,,,
1955-2551,บริภัณฑ์ส่องสว่างและบริภัณฑ์ที่คล้ายกัน : ขีดจำกัดสัญญาณรบกวนวิทยุ,2025-11-01,890,4719,0,5609,,,,,,,,
1956-2553,บริภัณฑ์เทคโนโลยีสารสนเทศ : ขีดจำกัดสัญญาณรบกวนวิทยุ,2025-11-01,0,0,20,20,,,,,,,,
1984-2543,แผ่นยิปซัมเสริมใยแก้ว,2025-11-01,0,0,2,2,,,,,,,,
199-2534,ซิป,2025-11-01,0,0,2,2,,,,,,,,
1999-2560,เหล็กกล้าทรงแบนรีดร้อน สำหรับงานโครงสร้างรถยนต์,2025-11-01,51,162,0,213,,,,,,,,
20-2559,เหล็กเส้นเสริมคอนกรีต : เหล็กเส้นกลม,2025-11-01,38,0,0,38,,,,,,,,
200-2536,ลวดเสียบกระดาษ,2025-11-01,0,0,1,1,,,,,,,,
2011-2563,เหล็กกล้าทรงแบนรีดร้อน ที่ต้านการกัดกร่อนได้ดีในบรรยากาศ,2025-11-01,1,0,0,1,,,,,,,,
2012-2558,เหล็กกล้าทรงแบนรีดเย็น สำหรับงานทั่วไปและงานดึงขึ้นรูป,2025-11-01,75,303,0,378,,,,,,,,
205-2530,พัดลมไฟฟ้ากระแสสลับชนิดแขวนเพดาน,2025-11-01,0,0,4,4,,,,,,,,
2060-2560,เหล็กกล้าทรงแบนรีดร้อน สำหรับงานถังก๊าซ,2025-11-01,10,10,0,20,,,,,,,,
2062-2558,กระติกน้ำร้อนไฟฟ้า คุณลักษณะที่ต้องการด้านความปลอดภัย,2025-11-01,14,36,0,50,,,,,,,,
2066-2552,ฝักบัวอาบน้ำ เฉพาะด้านสิ่งแวดล้อม : การประหยัดน้ำ,2025-11-01,42,564,0,606,,,,,,,,
2067-2552,ก๊อกน้ำสำหรับเครื่องสุขภัณฑ์ เฉพาะด้านสิ่งแวดล้อม : การประหยัดน้ำ,2025-11-01,76,487,0,563,,,,,,,,
207-2562,คลอรีนเหลว,2025-11-01,0,0,6,6,,,,,,,,
208-2566,ตาข่ายลวดเหล็กเคลือบสังกะสี,2025-11-01,0,0,1,1,,,,,,,,
2083-2544,ผลิตภัณฑ์ทำความสะอาดสำหรับกระเบื้องและเครื่องสุขภัณฑ์เซรามิก ประเภทสารลดแรงตึงผิว,2025-11-01,0,0,1,1,,,,,,,,
2084-2552,กระบอกฉีดอินซูลินปราศจากเชื้อชนิดใช้ครั้งเดียว,2025-11-01,0,0,1,1,,,,,,,,
2085-2556,เกลือบริโภคเสริมไอโอดีน,2025-11-01,0,0,1,1,,,,,,,,
2086-2556,เกลือบริโภคบริสุทธิ์เสริมไอโอดีน,2025-11-01,0,0,2,2,,,,,,,,
2090-2564,เบียร์,2025-11-01,0,0,1,1,,,,,,,,
21-2515,เครื่องเงิน,2025-11-01,0,0,2,2,,,,,,,,
2107-2544,หัวดับเพลิงไม่มีประตูน้ำ,2025-11-01,0,0,2,2,,,,,,,,
2109 เล่ม 2-2559,ฟิวส์แรงดันไฟฟ้าต่ำ เล่ม 2 คุณลักษณะที่ต้องการเพิ่มเติมสำหรับฟิวส์ที่ใช้โดยบุคคลที่ได้รับอนุญาต (ฟิวส์สำหรับใช้ในงานอุตสาหกรรมเป็นหลัก) - ตัวอย่างของระบบฟิวส์มาตรฐาน A ถึง K,2025-11-01,0,0,4,4,,,,,,,,
2115-2545,ไม้พื้นอัดซ้อนเคลือบผิวสำเร็จ,2025-11-01,0,0,1,1,,,,,,,,
2117-2545,ผลิตภัณฑ์ทำความสะอาดเครื่องครัว,2025-11-01,0,0,1,1,,,,,,,,
2118-2545,ที่รองนั่งและฝาพลาสติกสำหรับโถส้วม,2025-11-01,0,0,1,1,,,,,,,,
213-2560,คอนกรีตผสมเสร็จ,2025-11-01,0,0,1432,1432,,,,,,,,
2132-2564,เหล็กแผ่นเคลือบสังกะสีโดยกรรมวิธีจุ่มร้อน และเคลือบสี : แผ่นลอน,2025-11-01,0,0,3,3,,,,,,,,
2133-2545,ท่อเหล็กกล้าอ่อนเคลือบสังกะสีสำหรับร้อยสายไฟฟ้า,2025-11-01,0,0,1,1,,,,,,,,
2134-2553,เครื่องปรับอากาศสำหรับห้อง : ประสิทธิภาพพลังงาน,2025-11-01,729,187,0,916,,,,,,,,
2135-2545,เถ้าลอยจากถ่านหินใช้เป็นวัสดุผสมคอนกรีต,2025-11-01,0,0,1,1,,,,,,,,
2136-2545,แอนทราไซต์สำหรับกรองน้ำ,2025-11-01,0,0,2,2,,,,,,,,
2137-2559,เครื่องแบบนักเรียน : ข้อกำหนดทั่วไป,2025-11-01,0,0,14,14,,,,,,,,
2138-2559,เครื่องแบบนักเรียน : ผ้าเครื่องแบบนักเรียน,2025-11-01,0,0,1,1,,,,,,,,
214-2560,กระดาษชำระ,2025-11-01,0,0,2,2,,,,,,,,
2140-2560,เหล็กกล้าทรงแบนรีดเย็น สำหรับงานรถยนต์,2025-11-01,36,91,0,127,,,,,,,,
2141-2546,อ่างอาบน้ำอะคริลิกเสริมใยแก้ว,2025-11-01,0,0,2,2,,,,,,,,
2143 เล่ม 1-2567,สายไฟฟ้าแรงดันสูงหุ้มฉนวนและอุปกรณ์ส่วนควบใช้กับแรงดันไฟฟ้าที่กำหนดตั้งแต่ 1 kV ถึงไม่เกิน 30 kV เล่ม 1 สายไฟฟ้าใช้กับแรงดันไฟฟ้าที่กำหนด 1 kV และ 3 kV,2025-11-01,0,0,2,2,,,,,,,,
2147-2546,ก๊อกน้ำอัตโนมัติสำหรับเครื่องสุขภัณฑ์,2025-11-01,0,0,2,2,,,,,,,,
2148-2546,ก๊อกน้ำอัตโนมัติสำหรับเครื่องสุขภัณฑ์ เฉพาะด้านสิ่งแวดล้อม : การประหยัดน้ำ,2025-11-01,0,0,1,1,,,,,,,,
2149-2546,ก๊อกน้ำติดผนังสำหรับห้องน้ำ,2025-11-01,0,0,7,7,,,,,,,,
2150-2564,พอลิอะลูมิเนียมคลอไรด์ชนิดเหลว,2025-11-01,0,0,8,8,,,,,,,,
2151-2555,พอลิยูรีเทนเคลือบผิวชนิดแยกส่วนผสมสองส่วนใช้งานทั่วไป,2025-11-01,0,0,3,3,,,,,,,,
2156-2547,มอดิฟายด์แอสฟัลต์ซีเมนต์สำหรับงานทาง,2025-11-01,0,0,9,9,,,,,,,,
2157-2547,มอดิฟายด์แอสฟัลต์อิมัลชันสำหรับงานทาง,2025-11-01,0,0,13,13,,,,,,,,
216-2524,ท่อพีวีซีแข็งสำหรับใช้ร้อยสายไฟฟ้าและสายโทรศัพท์,2025-11-01,0,0,81,81,,,,,,,,
2165-2561,เคเบิลเส้นใยนำแสง เล่ม 3(10) : เคเบิลภายนอกอาคาร - ข้อกำหนดคุณลักษณะเป็นรายกลุ่ม สำหรับเคเบิลเส้นใยนำแสงโทรคมนาคมชนิดติดตั้งในท่อร้อยสาย ฝังดินโดยตรง และแขวนในอากาศโดยใช้ลวดพัน,2025-11-01,5,23,0,28,,,,,,,,
2166-2548,เคเบิลเส้นใยนำแสง เล่ม 3-20 : เคเบิลภายนอกอาคาร -ข้อกำหนดคุณลักษณะเป็นรายกลุ่มสำหรับเคเบิลเส้นใยนำแสงโทรคมนาคม แขวนในอากาศรับน้ำหนักตัวเองได้,2025-11-01,39,237,0,276,,,,,,,,
217-2556,กรดไฮโดรคลอริกสำหรับอุตสาหกรรม,2025-11-01,0,0,7,7,,,,,,,,
218-2520,อะลูมิเนียมชุบผิว,2025-11-01,0,0,8,8,,,,,,,,
2186-2561,ตู้เย็นและตู้เย็นแบบมีช่องแช่เยือกแข็งสำหรับใช้ในที่อยู่อาศัย ข้อกำหนดด้านสิ่งแวดล้อม : ประสิทธิภาพพลังงาน,2025-11-01,14,89,0,103,,,,,,,,
219-2566,แผ่นยิปซัม,2025-11-01,0,0,8,8,,,,,,,,
2202-2547,สายไฟฟ้าแรงดันสูงหุ้มด้วยฉนวนครอสลิงกด์พอลิเอทิลีน สำหรับแรงดันไฟฟ้าที่กำหนดตั้งแต่ 60 กิโลโวลต์ ถึง 115 กิโลโวลต์,2025-11-01,8,1,0,9,,,,,,,,
2203-2558,กระจกลวดลาย,2025-11-01,0,0,1,1,,,,,,,,
221-2558,ซิงก์ออกไซด์สำหรับอุตสาหกรรมทั่วไป,2025-11-01,0,0,1,1,,,,,,,,
2214-2561,ตู้เย็นและตู้เย็นแบบมีช่องแช่เยือกแข็ง สำหรับใช้ในที่อยู่อาศัย ข้อกำหนดด้านความปลอดภัย,2025-11-01,14,106,0,120,,,,,,,,
2217-2548,เซลล์และแบตเตอรี่ทุติยภูมิที่มีอิเล็กโทรไลต์แอลคาไลน์หรืออิเล็กโทรไลต์อื่นที่ไม่ใช่กรด สำหรับการใช้งานแบบพกพา เฉพาะด้านความปลอดภัย,2025-11-01,10,1706,0,1716,,,,,,,,
2223-2565,เหล็กกล้าทรงแบนเคลือบสังกะสี โดยกรรมวิธีทางไฟฟ้า,2025-11-01,47,70,0,117,,,,,,,,
2224-2548,ผลิตภัณฑ์ขจัดคราบน้ำมัน,2025-11-01,0,0,5,5,,,,,,,,
2226-2548,แผ่นผนังคอนกรีตสำเร็จรูป,2025-11-01,0,0,3,3,,,,,,,,
2228-2565,เหล็กกล้าทรงแบนเคลือบอะลูมิเนียม 55% ผสมสังกะสีโดยกรรมวิธีจุ่มร้อน,2025-11-01,28,101,2,131,,,,,,,,
2234-2557,หลอดมีบัลลาสต์ในตัวสำหรับการให้แสงสว่างทั่วไป - คุณลักษณะที่ต้องการด้านความปลอดภัย,2025-11-01,1,16,0,17,,,,,,,,
2235-2557,หลอดฟลูออเรสเซนซ์ขั้วเดี่ยว - คุณลักษณะที่ต้องการด้านความปลอดภัย,2025-11-01,1,8,0,9,,,,,,,,
224-2533,ท่อคอนกรีตไม่เสริมเหล็กสำหรับงานระบายน้ำ,2025-11-01,0,0,8,8,,,,,,,,
2241-2548,สีเคลือบเงาอะคริลิกเรซิน,2025-11-01,0,0,3,3,,,,,,,,
2243-2564,เหล็กลวดคาร์บอนสำหรับงานย้ำหัวและงานทุบขึ้นรูปเย็น,2025-11-01,0,0,1,1,,,,,,,,
225-2562,ไฮโปคลอไรต์,2025-11-01,0,0,13,13,,,,,,,,
2253-2548,ข้อต่อเหล็กหล่อแกรไฟต์กลมสำหรับท่อส่งน้ำชนิดทนความดัน,2025-11-01,0,0,18,18,,,,,,,,
2254-2561,สีเท็กซ์เจอร์,2025-11-01,0,0,1,1,,,,,,,,
2261-2549,เสื้อชั้นในชาย,2025-11-01,0,0,5,5,,,,,,,,
2274-2549,ผลิตภัณฑ์ฟอกผ้าประเภทเพอร์ออกไซด์,2025-11-01,0,0,1,1,,,,,,,,
229-2540,อะเซทิลีน,2025-11-01,0,0,1,1,,,,,,,,
23-2558,บัลลาสต์สำหรับหลอดฟลูออเรสเซนซ์ - คุณลักษณะที่ต้องการด้านความปลอดภัย,2025-11-01,3,2,0,5,,,,,,,,
2303-2564,แผ่นฉนวนความร้อนใยแร่,2025-11-01,0,0,1,1,,,,,,,,
2311-2549,ถังบรรจุก๊าซ-ถังทนความดันสูงสำหรับบรรจุก๊าซธรรมชาติที่ใช้เป็นเชื้อเพลิงสำหรับพาหนะรถยนต์,2025-11-01,0,0,5,5,,,,,,,,
2312-2549,เตาหุงต้มในครัวเรือนใช้กับก๊าซปิโตรเลียมเหลว,2025-11-01,0,0,4,4,,,,,,,,
2316-2549,เสาเหล็กกล้าเคลือบสังกะสีสำหรับไฟฟ้าแสงสว่าง,2025-11-01,0,0,63,63,,,,,,,,
2321-2564,สีอิมัลชันทนสภาวะอากาศ,2025-11-01,0,0,36,36,,,,,,,,
2329-2562,ลูกฟุตซอล,2025-11-01,0,0,4,4,,,,,,,,
2335-2558,ยานยนต์ประเภท M1 N1 ที่ใช้เครื่องยนต์สันดาปภายใน หรือที่ขับเคลื่อนด้วยไฟฟ้า หรือไฮบริดไฟฟ้า: สารมลพิษคาร์บอนไดออกไซด์ ความสิ้นเปลืองเชื้อเพลิง - พลังงานไฟฟ้า และระยะขับเคลื่อนด้วยไฟฟ้า,2025-11-01,0,0,9,9,,,,,,,,
2336-2552,มาตรพลังงานไฟฟ้ากระแสสลับ : ข้อกำหนดเฉพาะ มาตรกลไฟฟ้าสำหรับพลังงานไฟฟ้าใช้งาน (ชั้น 0.5 ชั้น 1 และ ชั้น 2),2025-11-01,0,0,27,27,,,,,,,,
2337-2557,บัลลาสต์สำหรับหลอดฟลูออเรสเซนซ์ : คุณลักษณะที่ต้องการด้านประสิทธิภาพพลังงาน,2025-11-01,3,4,0,7,,,,,,,,
2341-2564,สายไฟฟ้าอากาศตัวนำอะลูมิเนียมหุ้มฉนวนและเปลือกครอสลิงกด์พอลิเอทิลีน สำหรับแรงดันไฟฟ้าที่กำหนด 25 kV และ 35 kV,2025-11-01,0,0,7,7,,,,,,,,
2344-2563,สีสังเคราะห์ : สีซัลเฟอร์,2025-11-01,1,15,0,16,,,,,,,,
2345-2550,ธูป,2025-11-01,0,0,1,1,,,,,,,,
2346-2566,เสื้อผ้าสำเร็จรูป : ความปลอดภัยจากสีและสารเคมีที่เป็นอันตราย,2025-11-01,0,0,1,1,,,,,,,,
2356-2550,แผ่นพีวีซีโฟมแข็ง,2025-11-01,0,0,3,3,,,,,,,,
2357-2550,ท่ออะคริโลไนไทรล์-บิวทาไดอีน-สไตรีน (เอบีเอส) ทนความดัน,2025-11-01,0,0,1,1,,,,,,,,
236-2548,หลอดฟลูออเรสเซนซ์ขั้วคู่,2025-11-01,0,0,5,5,,,,,,,,
2369-2551,กรดไนทริกสำหรับอุตสาหกรรม,2025-11-01,0,0,1,1,,,,,,,,
237-2564,แหวนยางสำหรับท่อน้ำ,2025-11-01,0,0,3,3,,,,,,,,
2377-2559,แผ่นยางปูพื้น,2025-11-01,0,0,7,7,,,,,,,,
2378-2559,บล็อกยางปูพื้น,2025-11-01,0,0,2,2,,,,,,,,
238-2520,ถังน้ำเหล็กอาบสังกะสี,2025-11-01,0,0,1,1,,,,,,,,
2385-2551,สายต่อใช้ในการแพทย์,2025-11-01,0,0,1,1,,,,,,,,
2386-2555,สีรองพื้นกันสนิมซิงก์ฟอสเฟต,2025-11-01,0,0,4,4,,,,,,,,
2387-2555,สีรองพื้นกันสนิม,2025-11-01,0,0,17,17,,,,,,,,
239-2561,กระดาษเช็ดมือ,2025-11-01,0,0,1,1,,,,,,,,
2391-2551,สารละลายเฟร์ริกคลอไรด์,2025-11-01,0,0,3,3,,,,,,,,
2392-2551,เครื่องกรองน้ำดื่ม,2025-11-01,0,0,2,2,,,,,,,,
24-2559,เหล็กเส้นเสริมคอนกรีต : เหล็กข้ออ้อย,2025-11-01,46,3,0,49,,,,,,,,
240-2561,กระดาษเช็ดปาก,2025-11-01,0,0,1,1,,,,,,,,
2424-2565,หน้ากากอนามัยใช้ครั้งเดียว,2025-11-01,0,0,34,34,,,,,,,,
2425-2560,เครื่องตัดวงจรใช้กระแสเหลือแบบไม่มีอุปกรณ์ป้องกันกระแสเกิน สำหรับใช้ในที่อยู่อาศัยและใช้ในลักษณะที่คล้ายกัน เล่ม 1 หลักเกณฑ์ทั่วไป,2025-11-01,2,46,0,48,,,,,,,,
2426-2552,เตาเผาไฟฟ้า : แบบความต้านทาน,2025-11-01,0,0,1,1,,,,,,,,
2432-2555,เต้าเสียบและเต้ารับสำหรับใช้ในที่อยู่อาศัยและงานทั่วไปที่มีจุดประสงค์คล้ายกัน : ชุดสายพ่วง,2025-11-01,72,122,0,194,,,,,,,,
2434-2552,สายเคเบิลโทรคมนาคม ตัวนำทองแดง หุ้มฉนวนพอลิโอเลฟิน สำหรับการติดตั้งแบบแขวนในอากาศ,2025-11-01,8,5,0,13,,,,,,,,
2438-2552,ที่นอนโฟมพอลิสไตรีน,2025-11-01,0,0,3,3,,,,,,,,
2440-2552,เครื่องใช้เหล็กกล้าไร้สนิม: ภาชนะหุงต้มที่มีรอยประสาน,2025-11-01,14,1,0,15,,,,,,,,
2441-2562,ถังก๊าซปิโตรเลียมเหลว : ถังคอมโพสิต,2025-11-01,0,0,1,1,,,,,,,,
2461-2565,ตู้น้ำร้อนน้ำเย็นบริโภคและตู้น้ำเย็นบริโภค เฉพาะด้านความปลอดภัย,2025-11-01,4,7,1,12,,,,,,,,
247-2552,ด้ายเย็บพอลิเอสเทอร์,2025-11-01,0,0,1,1,,,,,,,,
2477-2552,ถุงฝายยาง,2025-11-01,0,0,2,2,,,,,,,,
2479-2552,ยางกันเรือกระแทกรูปท่อทรงกระบอกและรูปตัววี,2025-11-01,0,0,2,2,,,,,,,,
248-2567,ราวเหล็กลูกฟูกกันรถสำหรับทางสัญจร,2025-11-01,0,0,56,56,,,,,,,,
2480-2562,หน้ากากใช้ครั้งเดียวชนิด N95 ลดความเสี่ยงการติดเชื้อทางการแพทย์,2025-11-01,0,0,3,3,,,,,,,,
2481-2552,เครื่องขูดหินน้ำลายไฟฟ้า,2025-11-01,0,0,3,3,,,,,,,,
249-2540,ข้อต่อท่อเหล็กหล่ออบเหนียวต่อด้วยเกลียว,2025-11-01,0,0,8,8,,,,,,,,
2493 เล่ม 1-2554,ภาชนะพลาสติกบรรจุอาหารสำหรับเตาไมโครเวฟ เล่ม 1 สำหรับการอุ่น,2025-11-01,66,40,0,106,,,,,,,,
2493 เล่ม 2-2556,ภาชนะพลาสติกบรรจุอาหารสำหรับเตาไมโครเวฟ เล่ม 2 สำหรับการอุ่นครั้งเดียว,2025-11-01,117,60,0,177,,,,,,,,
2502-2553,พรมทอ,2025-11-01,0,0,1,1,,,,,,,,
2505-2553,ถุงมือยางที่ใช้ในอุตสาหกรรมอาหาร,2025-11-01,0,0,1,1,,,,,,,,
2507-2553,ยางกันเรือกระแทกรูปตัวดีและรูปจัตุรัส,2025-11-01,0,0,3,3,,,,,,,,
2508-2555,กระเบื้องเซรามิก,2025-11-01,21,1590,0,1611,,,,,,,,
251-2554,ผ้าโปร่งดูดซึม ผ้าพันแผล และผ้าซับ,2025-11-01,0,0,4,4,,,,,,,,
2514-2564,สีอิมัลชันลดความร้อนจากแสงอาทิตย์,2025-11-01,0,0,12,12,,,,,,,,
2515-2555,สีเคลือบเงาชนิดน้ำ,2025-11-01,0,0,1,1,,,,,,,,
2517-2561,หลอดให้สารละลายทางหลอดเลือดแบบมีเข็มนำใช้ครั้งเดียว,2025-11-01,0,0,1,1,,,,,,,,
2518-2557,ท่ออีพ็อกซีเรซินเสริมใยแก้ว สำหรับใช้ร้อยสายไฟฟ้าและสายโทรศัพท์,2025-11-01,0,0,11,11,,,,,,,,
2529-2555,สีจราจรชนิดน้ำ,2025-11-01,0,0,8,8,,,,,,,,
253-2521,แหและอวน : ไนลอนและโพลิเอทิลีน,2025-11-01,0,0,2,2,,,,,,,,
2532-2563,สีสังเคราะห์ : สีแอซิด,2025-11-01,10,61,0,71,,,,,,,,
2543-2555,มาตรพลังงานไฟฟ้ากระแสสลับ : ข้อกำหนดเฉพาะ มาตรอิเล็กทรอนิกส์สำหรับพลังงานใช้งาน (ชั้น 1 และชั้น 2),2025-11-01,0,0,44,44,,,,,,,,
2544-2555,มาตรพลังงานไฟฟ้ากระแสสลับ : ข้อกำหนดเฉพาะ มาตรอิเล็กทรอนิกส์สำหรับพลังงานใช้งาน (ชั้น 0.2S และชั้น 0.5S),2025-11-01,0,0,21,21,,,,,,,,
2555-2554,รถยนต์ขนาดเล็กที่ใช้เครื่องยนต์แบบจุดระเบิดด้วยประกายไฟที่ใช้ก๊าซธรรมชาติหรือก๊าซปิโตรเลียมเหลวเป็นเชื้อเพลิง เฉพาะด้านความปลอดภัย : สารมลพิษจากเครื่องยนต์ ระดับที่ 1,2025-11-01,1,0,0,1,,,,,,,,
2559-2554,พอลิเอทิลีนคอมพาวนด์สำหรับผลิตท่อน้ำดื่ม,2025-11-01,0,0,4,4,,,,,,,,
256-2540,ประตูน้ำเหล็กหล่อ : ลิ้นยกแบบรองลิ้นโลหะสำหรับงานประปา,2025-11-01,0,0,39,39,,,,,,,,
257-2549,น้ำบริโภค,2025-11-01,0,0,7,7,,,,,,,,
2573-2555,เครื่องหมายปุ่มบนพื้นทาง : หมุดสะท้อนแสง,2025-11-01,0,0,14,14,,,,,,,,
258-2521,แหวนรองแบบเรียบ,2025-11-01,0,0,8,8,,,,,,,,
2594-2567,ปูนซีเมนต์ไฮดรอลิก,2025-11-01,17,2,0,19,,,,,,,,
2595-2566,ปูนซีเมนต์สำหรับงานก่อและงานฉาบ,2025-11-01,0,0,9,9,,,,,,,,
2599-2556,ถุงเท้าใช้งานหนัก,2025-11-01,0,0,4,4,,,,,,,,
2600-2556,กระเบื้องหินขัดชั้นเดียว,2025-11-01,0,0,1,1,,,,,,,,
2601-2556,คอนกรีตบล็อกมวลเบาแบบเติมฟองอากาศ,2025-11-01,0,0,12,12,,,,,,,,
2602-2556,กระจกนิรภัยสำหรับยานยนต์,2025-11-01,26,345,0,371,,,,,,,,
2610-2556,ยูนิตทำฟัน,2025-11-01,0,0,8,8,,,,,,,,
2611-2556,วัสดุโคลด์พลาสติกสำหรับทำเครื่องหมายบนผิวทาง,2025-11-01,0,0,17,17,,,,,,,,
2619-2556,กระเบื้องคอนกรีตเสริมประกอบสำหรับมุงหลังคา,2025-11-01,0,0,8,8,,,,,,,,
2622-2556,ภาชนะและเครื่องใช้โลหะเคลือบฟลูออโรพอลิเมอร์สำหรับอาหาร,2025-11-01,2,89,0,91,,,,,,,,
2623 เล่ม 2(1)-2560,ลูกถ้วยแขวนในระบบจำหน่ายไฟฟ้า : พอร์ซเลน,2025-11-01,0,0,7,7,,,,,,,,
2623 เล่ม 2(2)-2560,ลูกถ้วยแขวนในระบบส่งไฟฟ้า : พอร์ซเลน,2025-11-01,0,0,3,3,,,,,,,,
2623 เล่ม 3-2563,ลูกถ้วยไฟฟ้า เล่ม 3 ลูกถ้วยล้อ: พอร์ซเลน,2025-11-01,0,0,10,10,,,,,,,,
2623 เล่ม 4-2563,ลูกถ้วยไฟฟ้า เล่ม 4 : ลูกถ้วยยึดโยง: พอร์ซเลน,2025-11-01,0,0,5,5,,,,,,,,
2623 เล่ม 7(1)-2564,ลูกถ้วยไฟฟ้า เล่ม 7(1) ลูกถ้วยหลักรับสายไฟฟ้า : พอร์ซเลน,2025-11-01,0,0,11,11,,,,,,,,
2623 เล่ม 7(2)-2564,ลูกถ้วยไฟฟ้า เล่ม 7(2) ลูกถ้วยหลักก้านตรงรับสายไฟฟ้า : พอร์ซเลน,2025-11-01,0,0,8,8,,,,,,,,
2623 เล่ม 9-2564,ลูกถ้วยไฟฟ้า เล่ม 9 ลูกถ้วยหลักรับอุปกรณ์: พอร์ซเลน,2025-11-01,0,0,7,7,,,,,,,,
2625-2557,สีเคลือบแอลคีด : เฉพาะด้านความปลอดภัย,2025-11-01,64,1,0,65,,,,,,,,
2662-2557,สีพ่นยานยนต์พอลิยูรีเทนชนิดแยกส่วนผสมสองส่วน : สีพื้นรองทับหน้า,2025-11-01,0,0,8,8,,,,,,,,
2663-2557,สีพ่นยานยนต์พอลิยูรีเทนชนิดแยกส่วนผสมสองส่วน : สีทับหน้า,2025-11-01,0,0,9,9,,,,,,,,
2664-2557,สารเคลือบเงาพอลิยูรีเทนชนิดแยกส่วนผสมสองส่วนสำหรับยานยนต์,2025-11-01,0,0,11,11,,,,,,,,
2667-2558,แผ่นยางรองรางรถไฟ,2025-11-01,0,0,1,1,,,,,,,,
2668-2558,ยางล้อตันสำหรับรถฟอร์กลิฟต์,2025-11-01,0,0,3,3,,,,,,,,
2676-2558,ท่อเหล็กกล้าไร้สนิมออสเทไนต์สำหรับใช้งานทั่วไป,2025-11-01,0,0,2,2,,,,,,,,
2682-2563,เม็ดยางใช้ทำพื้นสังเคราะห์,2025-11-01,0,0,6,6,,,,,,,,
2683-2563,พื้นสังเคราะห์,2025-11-01,0,0,14,14,,,,,,,,
2685-2558,แผ่นอะคริลิกใช้งานทั่วไป : แผ่นหล่อต่อเนื่อง,2025-11-01,0,0,1,1,,,,,,,,
2689-2558,ท่อเหล็กกล้าไร้สนิมออสเทไนต์สำหรับโครงสร้างงานตกแต่ง,2025-11-01,0,0,5,5,,,,,,,,
27-2543,ถังก๊าซปิโตรเลียมเหลว,2025-11-01,11,0,0,11,,,,,,,,
2701-2559,ซีเมนต์ไฮดรอลิกเกร้าต์,2025-11-01,0,0,4,4,,,,,,,,
2703-2566,กาวซีเมนต์,2025-11-01,0,0,19,19,,,,,,,,
2706-2559,มอร์ตาร์สำหรับก่อคอนกรีตบล็อกมวลเบา,2025-11-01,0,0,15,15,,,,,,,,
2707-2560,ถังก๊าซ - ถังอะลูมิเนียมเจือมีรอยเชื่อมประเภทบรรจุก๊าซซ้ำ - การออกแบบ การสร้าง และการทดสอบ,2025-11-01,0,0,1,1,,,,,,,,
271-2563,บะหมี่กึ่งสำเร็จรูป,2025-11-01,0,0,2,2,,,,,,,,
2718-2560,ยางล้อแบบสูบลมสำหรับรถยนต์และส่วนพ่วง,2025-11-01,20,590,0,610,,,,,,,,
2719-2560,ยางล้อแบบสูบลม สำหรับรถยนต์เชิงพาณิชย์และส่วนพ่วง,2025-11-01,24,420,0,444,,,,,,,,
272-2564,สีอิมัลชันใช้งานทั่วไป,2025-11-01,0,0,30,30,,,,,,,,
2720-2560,ยางล้อแบบสูบลมสำหรับรถจักรยานยนต์และโมเปด,2025-11-01,21,150,0,171,,,,,,,,
2721-2560,ยางล้อสูบลม : ข้อกำหนดด้านเสียงจากยางล้อที่สัมผัสผิวถนน การยึดเกาะถนนบนพื้นเปียก และความต้านทานการหมุน,2025-11-01,26,736,0,762,,,,,,,,
2731-2559,แอสฟัลต์ซีเมนต์ปรับปรุงคุณภาพด้วยยางธรรมชาติ,2025-11-01,0,0,12,12,,,,,,,,
2733-2559,น้ำยางคอมพาวด์เคลือบผ้าปูสระกักเก็บน้ำ,2025-11-01,0,0,2,2,,,,,,,,
2735-2559,มอร์ตาร์สำหรับฉาบคอนกรีตมวลเบา,2025-11-01,0,0,17,17,,,,,,,,
2737-2559,กระจกอบแข็งด้วยความร้อน,2025-11-01,0,0,4,4,,,,,,,,
274-2565,แป้งมันสำปะหลัง,2025-11-01,0,0,1,1,,,,,,,,
2753-2567,เหล็กกล้าทรงแบนเคลือบอะลูมิเนียม 55% ผสมสังกะสี โดยกรรมวิธีจุ่มร้อนและเคลือบสี,2025-11-01,0,0,4,4,,,,,,,,
276-2562,ท่อเหล็กกล้าคาร์บอนชนิดทนความดัน,2025-11-01,0,0,12,12,,,,,,,,
2762-2559,ลูกถ้วยแยกสายไฟฟ้าพอร์ซเลนชนิดเคลือบเซรามิกพร้อมพอลิเมอร์ยึดสายไฟฟ้า,2025-11-01,0,0,2,2,,,,,,,,
2764-2559,ท่อลอนพอลิเอทิลีนเสริมเหล็ก,2025-11-01,0,0,2,2,,,,,,,,
2773-2560,รถตัดอ้อย,2025-11-01,0,0,2,2,,,,,,,,
2774-2560,กำมะถันสำหรับอุตสาหกรรมยาง,2025-11-01,0,0,2,2,,,,,,,,
2779-2562,หลอดแอลอีดีขั้วคู่ที่ออกแบบเพื่อเปลี่ยนทดแทนหลอดฟลูออเรสเซนซ์ชนิดตรง-คุณลักษณะที่ต้องการด้านความปลอดภัย,2025-11-01,14,135,0,149,,,,,,,,
2780-2562,หลอดแอลอีดีมีบัลลาสต์ในตัวสำหรับการให้แสงสว่างทั่วไป ด้วยแรงดันไฟฟ้ามากกว่า 50 V - คุณลักษณะที่ต้องการด้านความปลอดภัย,2025-11-01,11,181,0,192,,,,,,,,
279-2525,ลูกถ้วยก้านตรง : ปอร์ซเลน,2025-11-01,0,0,2,2,,,,,,,,
2817-2562,เหล็กโครงสร้างรูปพรรณขึ้นรูปเย็นเคลือบโลหะ สำหรับงานโครงสร้างทั่วไป,2025-11-01,0,0,12,12,,,,,,,,
2821-2560,พอลิอะลูมิเนียมคลอไรด์ชนิดผง,2025-11-01,0,0,1,1,,,,,,,,
284-2560,อะลูมิเนียมเจืออัดรีดขึ้นรูป,2025-11-01,0,0,24,24,,,,,,,,
287-2565,กระดาษพิมพ์และเขียน,2025-11-01,0,0,3,3,,,,,,,,
2879-2560,แบตเตอรี่สำรองไฟฟ้าสำหรับการใช้งานแบบพกพา - คุณลักษณะที่ต้องการด้านความปลอดภัย,2025-11-01,12,171,0,183,,,,,,,,
2892-2563,ซีเมนต์ยาแนวสำหรับกระเบื้องเซรามิก,2025-11-01,0,0,1,1,,,,,,,,
2895-2564,คอนกรีตบล็อกเชิงตันไม่รับน้ำหนัก,2025-11-01,0,0,5,5,,,,,,,,
2900-2561,แท่นพลาสติกกั้นจราจร,2025-11-01,0,0,2,2,,,,,,,,
291 เล่ม 1-2530,สลักเกลียวหัวหกเหลี่ยม เล่ม 1 ผลิตภัณฑ์ขั้น A และ B,2025-11-01,0,0,1,1,,,,,,,,
2915-2561,รถจักรยานยนต์เฉพาะด้านความปลอดภัย - สารมลพิษจากเครื่องยนต์ ระดับที่ 7,2025-11-01,30,39,0,69,,,,,,,,
2916-2561,ยางมะตอยผสมสำเร็จ,2025-11-01,0,0,4,4,,,,,,,,
2917-2561,ท่อพอลิเอทิลีนผนังโครงสร้างแบบเรียบสำหรับงานท่อใต้ดิน,2025-11-01,0,0,2,2,,,,,,,,
2919-2561,คอนกรีตผสมเสร็จสำหรับสภาพแวดล้อมทางทะเล,2025-11-01,0,0,11,11,,,,,,,,
2921-2562,ภาชนะและเครื่องใช้เมลามีน-ฟอร์แมลดีไฮด์ ยูเรีย-ฟอร์แมลดีไฮด์ และเมลามีน-ยูเรีย-ฟอร์แมลดีไฮด์ สำหรับอาหาร: เฉพาะด้านความปลอดภัย,2025-11-01,12,32,0,44,,,,,,,,
293-2541,สายไฟฟ้าอะลูมิเนียมหุ้มด้วยฉนวนโพลิไวนิลคลอไรด์,2025-11-01,41,8,0,49,,,,,,,,
2948-2562,กระดาษสัมผัสอาหาร,2025-11-01,0,0,7,7,,,,,,,,
2952-2561,ยานยนต์ประเภท L : คุณลักษณะเฉพาะสำหรับระบบส่งกำลังด้วยไฟฟ้า,2025-11-01,0,0,2,2,,,,,,,,
2959-2562,เทอร์โมฟอร์มิงรับเบอร์,2025-11-01,0,0,1,1,,,,,,,,
2973-2562,พอลิเมอร์เสริมเส้นใย สำหรับงานโครงสร้างคอนกรีตไม่อัดแรง,2025-11-01,0,0,2,2,,,,,,,,
2979-2562,ยางล้อแบบสูบลมหล่อดอกซ้ำ สำหรับยานยนต์เชิงพาณิชย์และส่วนพ่วง,2025-11-01,39,0,0,39,,,,,,,,
2981-2567,เหล็กกล้าทรงแบนเคลือบสังกะสีผสมอะลูมิเนียม 5% ขึ้นไป และแมกนีเซียม 2% ขึ้นไป โดยกรรมวิธีจุ่มร้อน,2025-11-01,0,0,1,1,,,,,,,,
2982-2562,เหล็กกล้าทรงแบนรีดร้อนที่ต้านการกัดกร่อนในบรรยากาศ สำหรับงานโครงสร้างเชื่อมประกอบ,2025-11-01,0,0,3,3,,,,,,,,
2984-2562,ตู้น้ำดื่มหยอดเหรียญอัตโนมัติ,2025-11-01,0,0,1,1,,,,,,,,
3-2562,น้ำปลา,2025-11-01,0,0,5,5,,,,,,,,
30-2564,ไนทรัสออกไซด์ทางการแพทย์,2025-11-01,4,0,0,4,,,,,,,,
3000 เล่ม 1-2562,เครื่องเล่นสนามสาธารณะ เล่ม 1 ชิงช้า ข้อกำหนดเฉพาะเพิ่มเติมด้านความปลอดภัยและวิธีทดสอบ,2025-11-01,8,8,0,16,,,,,,,,
3000 เล่ม 2-2562,เครื่องเล่นสนามสาธารณะ เล่ม 2 กระดานลื่น ข้อกำหนดเฉพาะเพิ่มเติมด้านความปลอดภัย และวิธีทดสอบ,2025-11-01,8,9,0,17,,,,,,,,
3000 เล่ม 3-2563,เครื่องเล่นสนามสาธารณะ เล่ม 3 ม้าหมุน,2025-11-01,7,9,0,16,,,,,,,,
3000 เล่ม 4-2563,เครื่องเล่นสนามสาธารณะ เล่ม 4 อุปกรณ์โยก,2025-11-01,8,12,0,20,,,,,,,,
3002-2562,อุปกรณ์ควบคุมหลอด - คุณลักษณะที่ต้องการเฉพาะสำหรับอุปกรณ์ควบคุมอิเล็กทรอนิกส์ ที่ใช้แหล่งจ่ายไฟฟ้ากระแสตรงหรือไฟฟ้ากระแสสลับสำหรับมอดูลแอลอีดี,2025-11-01,0,0,1,1,,,,,,,,
3017-2563,รถยนต์ขนาดเล็กที่ใช้เครื่องยนต์แบบจุดระเบิดด้วยประกายไฟ เฉพาะด้านความปลอดภัย : สารมลพิษจากเครื่องยนต์ ระดับที่ 10,2025-11-01,10,46,1,57,,,,,,,,
3018-2563,รถยนต์ขนาดเล็กที่ใช้เครื่องยนต์แบบจุดระเบิดด้วยการอัด เฉพาะด้านความปลอดภัย : สารมลพิษจากเครื่องยนต์ ระดับที่ 8,2025-11-01,11,15,0,26,,,,,,,,
3024 เล่ม 1-2563,ส่วนประกอบระบบป้องกันฟ้าผ่า (LPSC) เล่ม 1 คุณลักษณะที่ต้องการสำหรับส่วนประกอบเชื่อมต่อ,2025-11-01,0,0,1,1,,,,,,,,
3024 เล่ม 2-2563,ส่วนประกอบระบบป้องกันฟ้าผ่า (LPSC) เล่ม 2 คุณลักษณะที่ต้องการสำหรับตัวนำและหลักดิน,2025-11-01,0,0,2,2,,,,,,,,
3024 เล่ม 4-2563,ส่วนประกอบระบบป้องกันฟ้าผ่า (LPSC) เล่ม 4 คุณลักษณะที่ต้องการสำหรับตัวยึดตัวนำ,2025-11-01,0,0,1,1,,,,,,,,
3024 เล่ม 5-2564,ส่วนประกอบระบบป้องกันฟ้าผ่า (LPSC) เล่ม 5 คุณลักษณะที่ต้องการสำหรับกล่องตรวจสอบหลักดินและซีลหลักดิน,2025-11-01,0,0,2,2,,,,,,,,
3026-2563,ยานยนต์ประเภท M และ N: คุณลักษณะเฉพาะสำหรับระบบส่งกำลังด้วยไฟฟ้า,2025-11-01,0,0,2,2,,,,,,,,
3029-2563,มอร์ตาร์ควบคุมการกัดกร่อนของเหล็กโครงสร้างในคอนกรีต,2025-11-01,0,0,3,3,,,,,,,,
3030-2563,เครื่องตรวจวัดฝุ่นละอองลอยหลักการไฟฟ้าสถิต,2025-11-01,0,0,1,1,,,,,,,,
3043-2563,รถยนต์ขนาดใหญ่ที่ใช้เครื่องยนต์แบบจุดระเบิดด้วยประกายไฟที่ใช้ก๊าซธรรมชาติหรือก๊าซปิโตรเลียมเหลวเป็นเชื้อเพลิง เฉพาะด้านความปลอดภัย : สารมลพิษจากเครื่องยนต์ ระดับที่ 3,2025-11-01,0,8,0,8,,,,,,,,
3046-2563,รถยนต์ขนาดใหญ่ที่ใช้เครื่องยนต์แบบจุดระเบิดด้วยการอัด เฉพาะด้านความปลอดภัย : สารมลพิษจากเครื่องยนต์ ระดับที่ 6,2025-11-01,8,50,0,58,,,,,,,,
3056-2563,มอร์ตาร์ฉาบผิวบาง,2025-11-01,0,0,13,13,,,,,,,,
306-2541,วงล้อรถจักรยานยนต์,2025-11-01,0,0,1,1,,,,,,,,
3078-2563,มาตรวัดน้ำ,2025-11-01,0,0,4,4,,,,,,,,
310-2522,ท่อเหล็กกล้าสำหรับทำรถจักรยาน,2025-11-01,0,0,2,2,,,,,,,,
3173-2564,สารสกัดจากกัญชงที่มีปริมาณแคนนาบิไดออลรวม ไม่น้อยกว่า 80% โดยมวล,2025-11-01,0,0,2,2,,,,,,,,
319 เล่ม 2-2551,ปูนไลม์อุตสาหกรรม เล่ม 2 ปูนขาว,2025-11-01,0,0,1,1,,,,,,,,
3202-2564,คอนกรีตแห้งสำเร็จรูป,2025-11-01,0,0,5,5,,,,,,,,
3209-2564,เครื่องยนต์แก๊สโซลีนขนาดเล็กระบายความร้อนด้วยอากาศ,2025-11-01,0,0,1,1,,,,,,,,
321-2560,กระดาษทำลูกฟูก,2025-11-01,0,0,7,7,,,,,,,,
324-2522,ซี่ล้อรถจักรยานยนต์,2025-11-01,0,0,1,1,,,,,,,,
3243-2564,เหล็กกล้าทรงแบนรีดร้อนเคลือบสังกะสีโดยกรรมวิธีจุ่มร้อน,2025-11-01,30,63,0,93,,,,,,,,
3246-2564,ไนโตรเจนทางการแพทย์,2025-11-01,0,0,6,6,,,,,,,,
3250-2564,ตัวแยกสายชนิดพอลิเมอร์พร้อมอุปกรณ์จับยึดสายไฟฟ้า,2025-11-01,0,0,6,6,,,,,,,,
327-2553,สีเคลือบเงาแอลคีด,2025-11-01,0,0,31,31,,,,,,,,
328-2551,สีอะลูมิเนียมรองพื้นสำหรับงานไม้,2025-11-01,0,0,2,2,,,,,,,,
3286-2564,ลวดชุบแข็งและอบคืนตัวสำหรับคอนกรีตอัดแรง,2025-11-01,1,0,1,2,,,,,,,,
329-2542,ผลิตภัณฑ์ทำความสะอาดประเภทกรดสำหรับกระเบื้องและเครื่องสุขภัณฑ์เซรามิก,2025-11-01,0,0,1,1,,,,,,,,
331-2561,อะลูมิเนียมทรงแบนรีดเย็น สำหรับงานทั่วไปและงานขึ้นรูป,2025-11-01,0,0,2,2,,,,,,,,
332-2537,เครื่องดับเพลิงยกหิ้วชนิดผงเคมีแห้ง,2025-11-01,120,16,0,136,,,,,,,,
334-2528,โซ่รถจักรยานยนต์,2025-11-01,0,0,4,4,,,,,,,,
3357-2565,เสาเข็มเหล็กกล้าแบบเกลียว,2025-11-01,0,0,1,1,,,,,,,,
3359-2565,อะลูมิเนียมกันกร่อนสำหรับป้องกันสนิมแบบแคโทดิก,2025-11-01,0,0,1,1,,,,,,,,
337-2545,กลีเซอรีนบริสุทธิ์,2025-11-01,0,0,2,2,,,,,,,,
3399-2565,น้ำยางคอมพาวนด์สำหรับปรับคุณภาพดินซีเมนต์,2025-11-01,0,0,2,2,,,,,,,,
340-2528,ท่อไอเสียรถยนต์,2025-11-01,0,0,1,1,,,,,,,,
341-2543,ท่อไอเสียรถจักรยานยนต์,2025-11-01,54,39,0,93,,,,,,,,
3412-2565,ถังก๊าซปิโตรเลียมเหลวสำหรับรถโฟล์คลิฟท์: ถังโลหะ,2025-11-01,0,0,4,4,,,,,,,,
3413-2565,ลูกบอลดับเพลิงอัตโนมัติ,2025-11-01,0,0,1,1,,,,,,,,
3426-2565,เสาเข็มคอนกรีตกำลังสูงอัดแรงแบบแรงเหวี่ยง,2025-11-01,0,0,1,1,,,,,,,,
3438-2565,กระดาษสัมผัสอาหารสำหรับปรุงอาหารด้วยความร้อน,2025-11-01,0,0,1,1,,,,,,,,
344-2562,ขั้วรับหลอดฟลูออเรสเซนซ์และขั้วรับสตาร์ตเตอร์,2025-11-01,6,6,0,12,,,,,,,,
3459-2565,โซ่เหล็กกล้า,2025-11-01,0,0,1,1,,,,,,,,
3460-2565,เชื้อเพลิงขยะ,2025-11-01,0,0,2,2,,,,,,,,
348-2559,เหล็กลวดคาร์บอนต่ำ,2025-11-01,9,2,0,11,,,,,,,,
349-2561,เหล็กลวดคาร์บอนสูง,2025-11-01,0,0,2,2,,,,,,,,
351-2527,โซ่รถจักรยาน,2025-11-01,0,0,1,1,,,,,,,,
353-2566,ตู้เหล็กใช้ในสำนักงานแบบประตู,2025-11-01,0,0,5,5,,,,,,,,
3554-2566,ปั๊มไฮดรอลิกแบบใบพัดสำหรับอุตสาหกรรมทั่วไป,2025-11-01,0,0,1,1,,,,,,,,
356-2531,น้ำมันเครื่อง,2025-11-01,0,0,4,4,,,,,,,,
357-2551,สีรองพื้นสำหรับงานไม้,2025-11-01,0,0,4,4,,,,,,,,
3584-2566,ผนังกระจก,2025-11-01,0,0,1,1,,,,,,,,
3586-2566,แผ่นพีวีซีมุงหลังคา,2025-11-01,0,0,1,1,,,,,,,,
3606-2566,เครื่องจักรผสมวัตถุระเบิดแอนโฟสำหรับใช้ในงานอุตสาหกรรม,2025-11-01,0,0,1,1,,,,,,,,
365-2532,ตะกั่วบัดกรี : แท่ง,2025-11-01,0,0,2,2,,,,,,,,
3656-2566,กล่องลวดตาข่าย,2025-11-01,0,0,8,8,,,,,,,,
366-2547,เตารีดไฟฟ้า เฉพาะด้านความปลอดภัย,2025-11-01,39,304,0,343,,,,,,,,
368-2562,หมวกนิรภัยสำหรับงานอุตสาหกรรม,2025-11-01,0,0,14,14,,,,,,,,
369-2557,หมวกนิรภัยสำหรับผู้ใช้รถจักรยานยนต์,2025-11-01,28,108,0,136,,,,,,,,
370-2552,ถังก๊าซปิโตรเลียมเหลวสำหรับเครื่องยนต์สันดาปภายใน,2025-11-01,23,13,0,36,,,,,,,,
371-2530,แคตอิออนิกแอสฟัลต์อิมัลชันสำหรับถนน,2025-11-01,0,0,30,30,,,,,,,,
3778 เล่ม 1-2567,บันไดเลื่อน และทางเลื่อนอัตโนมัติ ข้อกำหนดด้านความปลอดภัย เล่ม 1 ข้อกำหนดสากลด้านความปลอดภัยที่จำเป็น (GESR),2025-11-01,1,6,0,7,,,,,,,,
378-2531,กระเบื้องคอนกรีตปูพื้น,2025-11-01,0,0,43,43,,,,,,,,
379-2556,กระเบื้องหินขัดชนิดสองชั้น,2025-11-01,0,0,4,4,,,,,,,,
382-2531,ประตูน้ำเหล็กหล่อ : ลิ้นปีกผีเสื้อ,2025-11-01,0,0,34,34,,,,,,,,
383-2529,ประตูน้ำเหล็กหล่อ : ลิ้นกันกลับชนิดแกว่ง,2025-11-01,0,0,29,29,,,,,,,,
384 เล่ม 1-2567,หม้อแปลงไฟฟ้ากำลัง เล่ม 1 ข้อกำหนดทั่วไป,2025-11-01,0,0,17,17,,,,,,,,
386-2567,เทปกาวพลาสติกไซซ์พอลิไวนิลคลอไรด์สำหรับใช้ในงานทางไฟฟ้า,2025-11-01,0,0,1,1,,,,,,,,
396-2549,เสาเข็มคอนกรีตเสริมเหล็กอัดแรงหล่อสำเร็จ,2025-11-01,0,0,609,609,,,,,,,,
397-2562,เสาเข็มคอนกรีตเสริมเหล็กแบบแรงเหวี่ยง,2025-11-01,0,0,13,13,,,,,,,,
398-2563,เสาเข็มคอนกรีตอัดแรงแบบแรงเหวี่ยง,2025-11-01,0,0,18,18,,,,,,,,
399-2565,เสาเข็มคอนกรีตเสริมเหล็กขนาดสั้น,2025-11-01,0,0,9,9,,,,,,,,
4 เล่ม 1-2558,หลอดไฟฟ้าไส้ทังสเตนสำหรับใช้ในที่อยู่อาศัยและที่มีจุดประสงค์ให้แสงสว่างทั่วไปที่คล้ายกัน เล่ม 1 คุณลักษณะที่ต้องการด้านความปลอดภัย,2025-11-01,2,4,0,6,,,,,,,,
400-2566,เส้นหมี่,2025-11-01,0,0,1,1,,,,,,,,
402-2532,แคลเซียมคาร์บอเนตสำหรับอุตสาหกรรมยาง,2025-11-01,0,0,1,1,,,,,,,,
403-2532,แคลเซียมคาร์บอเนตสำหรับอุตสาหกรรมสีและพลาสติก,2025-11-01,0,0,2,2,,,,,,,,
404-2540,ลวดเหล็กกล้าเคลือบสังกะสีตีเกลียว,2025-11-01,0,0,27,27,,,,,,,,
408-2553,ทองแดงและทองแดงเจือสำหรับจุดประสงค์ทั่วไปทางไฟฟ้า : เส้น และแท่ง,2025-11-01,3,3,0,6,,,,,,,,
41-2554,กรดซัลฟิวริกเข้มข้นและโอเลียมสำหรับอุตสาหกรรม,2025-11-01,0,0,11,11,,,,,,,,
415-2551,สีจราจร,2025-11-01,0,0,20,20,,,,,,,,
418-2525,โซ่ส่งกำลัง,2025-11-01,0,0,1,1,,,,,,,,
420-2540,ลวดเหล็กกล้าตีเกลียวสำหรับคอนกรีตอัดแรง,2025-11-01,10,32,0,42,,,,,,,,
426-2525,ผ้าใบไวนิลอนชนิดเคลือบพีวีซี,2025-11-01,0,0,1,1,,,,,,,,
427-2562,ท่อเหล็กกล้าสำหรับส่งน้ำ,2025-11-01,0,0,17,17,,,,,,,,
431-2567,ประตูน้ำทองแดงเจือแบบลิ้นยก,2025-11-01,0,0,1,1,,,,,,,,
432-2529,ประตูน้ำเหล็กหล่อแบบลิ้นยกสำหรับใช้งานทั่วไป,2025-11-01,0,0,15,15,,,,,,,,
435-2548,ถังเก็บน้ำพลาสติกเสริมใยแก้ว,2025-11-01,0,0,27,27,,,,,,,,
436-2525,ตู้เหล็กเก็บบัตรดัชนี,2025-11-01,0,0,2,2,,,,,,,,
437-2529,ตู้นิรภัยกันไฟแบบประตู,2025-11-01,0,0,31,31,,,,,,,,
438-2556,ถุงเท้าใช้งานทั่วไป,2025-11-01,0,0,3,3,,,,,,,,
439-2556,ถุงเท้านักเรียน,2025-11-01,0,0,3,3,,,,,,,,
442-2525,แผ่นฝอยไม้ซีเมนต์อัดชนิดใช้งานทั่วไป,2025-11-01,0,0,1,1,,,,,,,,
444-2549,วุ้นเส้น,2025-11-01,0,0,3,3,,,,,,,,
45-2552,ยาสีฟัน,2025-11-01,0,0,1,1,,,,,,,,
463-2544,สารละลายซอร์บิทอล,2025-11-01,0,0,1,1,,,,,,,,
464-2544,กรดซิทริก,2025-11-01,0,0,2,2,,,,,,,,
468-2550,ไวต์สปิริตสำหรับสีและวาร์นิช,2025-11-01,0,0,7,7,,,,,,,,
469-2561,สีซีเมนต์,2025-11-01,0,0,2,2,,,,,,,,
47-2561,น้ำมันและไขมันสำหรับบริโภค,2025-11-01,0,0,2,2,,,,,,,,
470-2526,น้ำผึ้ง,2025-11-01,0,0,2,2,,,,,,,,
474-2542,ผลิตภัณฑ์ทำความสะอาดประเภทเหลวสำหรับถ้วยชาม,2025-11-01,0,0,2,2,,,,,,,,
479-2541,วัสดุยารอยต่อคอนกรีตแบบยืดหยุ่นชนิดเทร้อน,2025-11-01,0,0,7,7,,,,,,,,
486-2527,ใยแก้ว,2025-11-01,0,0,2,2,,,,,,,,
49-2560,ลวดเชื่อมไฟฟ้ามีสารพอกหุ้มใช้เชื่อมเหล็กกล้าไม่เจือและเกรนละเอียดด้วยการเชื่อมอาร์กโลหะด้วยมือ,2025-11-01,0,0,7,7,,,,,,,,
496-2553,ทินเนอร์สำหรับแล็กเกอร์,2025-11-01,22,0,0,22,,,,,,,,
50-2565,เหล็กกล้าทรงแบนรีดเย็นเคลือบสังกะสีโดยกรรมวิธีจุ่มร้อน,2025-11-01,62,154,0,216,,,,,,,,
504-2527,วงกบและกรอบบานไม้สำหรับประตูและหน้าต่าง,2025-11-01,0,0,2,2,,,,,,,,
507-2527,ฟิวส์สำหรับใช้ในที่อยู่อาศัยและงานที่คล้ายคลึงกัน : ตัวยึดฟิวส์,2025-11-01,0,0,3,3,,,,,,,,
51-2562,สับปะรดในภาชนะบรรจุปิดสนิท,2025-11-01,21,2,0,23,,,,,,,,
514-2531,เชือกลวดเหล็กกล้า,2025-11-01,0,0,23,23,,,,,,,,
517-2558,ขวดพลาสติกสำหรับบรรจุยาเม็ดและแคปซูล,2025-11-01,0,0,1,1,,,,,,,,
518-2527,ตู้เหล็กเก็บเอกสารกันไฟแบบลิ้นชัก,2025-11-01,0,0,4,4,,,,,,,,
520-2553,ทินเนอร์สำหรับสีพ่นแห้งเร็วไนโตรเซลลูโลส,2025-11-01,12,0,0,12,,,,,,,,
521-2527,กาวยาง,2025-11-01,0,0,7,7,,,,,,,,
523-2564,รองเท้าหนังนิรภัย,2025-11-01,0,0,10,10,,,,,,,,
528-2560,เหล็กกล้าทรงแบนรีดร้อน สำหรับงานทั่วไปและงานดึงขึ้นรูป,2025-11-01,77,249,0,326,,,,,,,,
53-2548,ไม้ขีดไฟ,2025-11-01,2,8,0,10,,,,,,,,
531-2558,ภาชนะพลาสติกสำหรับบรรจุผลิตภัณฑ์เภสัชปราศจากเชื้อ,2025-11-01,16,2,0,18,,,,,,,,
535-2556,กระเบื้องคอนกรีตมุงหลังคา,2025-11-01,0,0,15,15,,,,,,,,
538-2560,ถุงมือยางปราศจากเชื้อสำหรับการศัลยกรรมชนิดใช้ครั้งเดียว,2025-11-01,0,0,4,4,,,,,,,,
539-2564,คาร์บอนไดออกไซด์ทางการแพทย์,2025-11-01,4,0,0,4,,,,,,,,
540-2564,ออกซิเจนทางการแพทย์,2025-11-01,114,0,0,114,,,,,,,,
541-2562,ออกซิเจนอุตสาหกรรม,2025-11-01,0,0,16,16,,,,,,,,
542-2549,วัสดุเทอร์โมพลาสติกสะท้อนแสงสำหรับทำเครื่องหมายบนผิวทาง,2025-11-01,0,0,58,58,,,,,,,,
543-2550,ลูกแก้วที่ใช้กับวัสดุทำเครื่องหมายบนผิวทาง,2025-11-01,0,0,24,24,,,,,,,,
545-2528,กระดาษคาร์บอน,2025-11-01,0,0,9,9,,,,,,,,
547-2541,อิฐทนไฟไฟร์เคลย์,2025-11-01,0,0,3,3,,,,,,,,
548-2541,อิฐทนไฟอะลูมินาสูง,2025-11-01,0,0,2,2,,,,,,,,
55-2562,เหล็กเส้นแบนและสี่เหลี่ยมจัตุรัส,2025-11-01,0,0,3,3,,,,,,,,
56-2560,น้ำตาลทราย,2025-11-01,0,0,48,48,,,,,,,,
561-2549,สีแล็กเกอร์ไนโตรเซลลูโลส,2025-11-01,0,0,7,7,,,,,,,,
562-2549,แล็กเกอร์ใสไนโตรเซลลูโลส,2025-11-01,0,0,5,5,,,,,,,,
564-2546,ภาชนะเซรามิกที่ใช้กับอาหาร : พอร์ซเลน,2025-11-01,0,0,1,1,,,,,,,,
568-2563,คาร์บอนไดออกไซด์อุตสาหกรรม,2025-11-01,0,0,2,2,,,,,,,,
57-2560,คอนกรีตบล็อกกลวงรับน้ำหนัก,2025-11-01,0,0,14,14,,,,,,,,
572-2528,พัดลมไฟฟ้ากระแสสลับชนิดส่ายรอบตัว,2025-11-01,0,0,5,5,,,,,,,,
576-2546,แผ่นคอนกรีตเสริมเหล็กอัดแรงหล่อสำเร็จสำหรับระบบพื้นคอนกรีต,2025-11-01,0,0,80,80,,,,,,,,
58-2560,คอนกรีตบล็อกกลวงไม่รับน้ำหนัก,2025-11-01,0,0,63,63,,,,,,,,
59-2561,อิฐคอนกรีต,2025-11-01,0,0,3,3,,,,,,,,
593-2562,ประตูเหล็กม้วนสำหรับงานอาคาร,2025-11-01,0,0,9,9,,,,,,,,
596-2531,กลอน : ทองเหลืองและอะลูมิเนียมชนิดอัดรีด,2025-11-01,0,0,5,5,,,,,,,,
598-2566,มอร์ตาร์สำหรับก่อ,2025-11-01,0,0,12,12,,,,,,,,
6 เล่ม 1-2559,แบตเตอรี่ใช้สตาร์ต ชนิดตะกั่ว-กรด เล่ม 1 คุณลักษณะที่ต้องการทั่วไปและวิธีทดสอบ,2025-11-01,0,0,1,1,,,,,,,,
60-2560,คอนกรีตบล็อกเชิงตันรับน้ำหนัก,2025-11-01,0,0,4,4,,,,,,,,
603-2546,ภาชนะแก้วที่ใช้กับอาหาร,2025-11-01,0,0,1,1,,,,,,,,
60335 เล่ม 2(13)-2564,ความปลอดภัยของเครื่องใช้ไฟฟ้าสำหรับใช้ในที่อยู่อาศัยและเครื่องใช้ไฟฟ้าอื่นที่คล้ายกัน เล่ม 2(13) ข้อกำหนดเฉพาะสำหรับเครื่องทอดน้ำมันท่วม กระทะทอด และเครื่องใช้ไฟฟ้าอื่นที่คล้ายกัน,2025-11-01,5,4,0,9,,,,,,,,
60335 เล่ม 2(23)-2564,ความปลอดภัยของเครื่องใช้ไฟฟ้าสำหรับใช้ในที่อยู่อาศัยและเครื่องใช้ไฟฟ้าอื่นที่คล้ายกัน เล่ม 2(23) ข้อกำหนดเฉพาะเครื่องใช้ไฟฟ้าสำหรับการดูแลผม ขน หรือผิว,2025-11-01,1,39,0,40,,,,,,,,
60335 เล่ม 2(32)-2564,ความปลอดภัยของเครื่องใช้ไฟฟ้าสำหรับใช้ในที่อยู่อาศัยและเครื่องใช้ไฟฟ้าอื่นที่คล้ายกัน เล่ม 2(32) ข้อกำหนดเฉพาะสำหรับเครื่องนวดร่างกาย,2025-11-01,0,85,0,85,,,,,,,,
60335 เล่ม 2(37)-2564,ความปลอดภัยของเครื่องใช้ไฟฟ้าสำหรับใช้ในที่อยู่อาศัยและเครื่องใช้ไฟฟ้าอื่นที่คล้ายกัน เล่ม 2(37) ข้อกำหนดเฉพาะสำหรับเครื่องทอดโดนัทเชิงพาณิชย์และเครื่องทอดน้ำมันท่วมเชิงพาณิชย์,2025-11-01,0,7,0,7,,,,,,,,
60335 เล่ม 2(41)-2567,ความปลอดภัยของเครื่องใช้ไฟฟ้าสำหรับใช้ในที่อยู่อาศัยและเครื่องใช้ไฟฟ้าอื่นที่คล้ายกัน เล่ม 2(41) ข้อกำหนดเฉพาะสำหรับเครื่องสูบของเหลว,2025-11-01,0,0,3,3,,,,,,,,
60335 เล่ม 2(65)-2564,ความปลอดภัยของเครื่องใช้ไฟฟ้าสำหรับใช้ในที่อยู่อาศัยและเครื่องใช้ไฟฟ้าอื่นที่คล้ายกัน เล่ม 2(65) ข้อกำหนดเฉพาะสำหรับเครื่องฟอกอากาศ,2025-11-01,22,148,0,170,,,,,,,,
60335 เล่ม 2(79)-2563,ความปลอดภัยของเครื่องใช้ไฟฟ้าสำหรับใช้ในที่อยู่อาศัยและเครื่องใช้ไฟฟ้าอื่นที่คล้ายกัน เล่ม 2(79) ข้อกำหนดเฉพาะสำหรับเครื่องทำความสะอาดใช้ความดันสูง และเครื่องทำความสะอาดใช้ไอน้ำ,2025-11-01,1,69,0,70,,,,,,,,
605-2552,ผลิตภัณฑ์ชำระล้าง,2025-11-01,0,0,3,3,,,,,,,,
609-2559,สีพ่นยานยนต์แห้งเร็วไนโตรเซลลูโลส: สีพื้นรองทับหน้า,2025-11-01,0,0,1,1,,,,,,,,
610-2552,น้ำยาลอกสี,2025-11-01,0,0,1,1,,,,,,,,
612-2549,แผ่นพอลิเอสเตอร์เสริมใยแก้ว,2025-11-01,0,0,9,9,,,,,,,,
61215 เล่ม 1(1)-2561,แผงเซลล์แสงอาทิตย์ภาคพื้นดิน - คุณสมบัติการออกแบบและรับรองแบบ เล่ม 1(1) ข้อกำหนดเฉพาะสำหรับการทดสอบ แผงเซลล์แสงอาทิตย์ชนิดผลึกซิลิคอน,2025-11-01,0,0,10,10,,,,,,,,
618-2565,สารยึดสำหรับสีและวาร์นิช : แอลคีดเรซิน,2025-11-01,0,0,1,1,,,,,,,,
622-2529,ท่อซีเมนต์ใยหินสำหรับงานระบายน้ำทั่วไป,2025-11-01,0,0,1,1,,,,,,,,
62368 เล่ม 1-2563,บริภัณฑ์เสียง วีดิทัศน์ บริภัณฑ์เทคโนโลยีสารสนเทศและการสื่อสาร เล่ม 1 ข้อกำหนดด้านความปลอดภัย,2025-11-01,31,627,0,658,,,,,,,,
625-2559,ถุงยางอนามัยชายจากน้ำยางธรรมชาติ - คุณลักษณะที่ต้องการและวิธีทดสอบ,2025-11-01,0,0,8,8,,,,,,,,
63-2560,ตู้เหล็กเก็บเอกสารแบบลิ้นชัก,2025-11-01,0,0,9,9,,,,,,,,
632-2551,พอลิไวนิลคลอไรด์เรซิน,2025-11-01,0,0,2,2,,,,,,,,
633-2531,ลูกยางสีข้าว,2025-11-01,0,0,2,2,,,,,,,,
638-2563,แป้งข้าวเจ้า,2025-11-01,0,0,3,3,,,,,,,,
639-2563,แป้งข้าวเหนียว,2025-11-01,0,0,3,3,,,,,,,,
64-2517,ตัวนำไฟฟ้าทองแดงรีดแข็งสำหรับสายส่งกำลังเหนือดิน,2025-11-01,0,0,11,11,,,,,,,,
640 เล่ม 1-2564,เอทานอลใช้ทางเภสัชกรรม,2025-11-01,0,0,4,4,,,,,,,,
640 เล่ม 2-2561,เอทานอลใช้ทางอุตสาหกรรมทั่วไป,2025-11-01,0,0,3,3,,,,,,,,
640 เล่ม 3-2553,เอทานอลใช้เป็นเชื้อเพลิง,2025-11-01,0,0,1,1,,,,,,,,
640 เล่ม 4-2561,เอทานอลสำหรับใช้ในเครื่องสำอาง,2025-11-01,0,0,2,2,,,,,,,,
640 เล่ม 6-2563,เอทานอลสำหรับอุตสาหกรรมอาหาร,2025-11-01,0,0,3,3,,,,,,,,
651-2535,ยางในรถยนต์,2025-11-01,0,0,14,14,,,,,,,,
653-2554,ภาชนะพลาสติกสำหรับบรรจุนมและผลิตภัณฑ์นม,2025-11-01,0,0,1,1,,,,,,,,
655 เล่ม 1-2553,ภาชนะและเครื่องใช้พลาสติกสำหรับอาหาร เล่ม 1 พอลิเอทิลีน พอลิพรอพิลีน พอลิสไตรีน พอลิเอทิลีนเทเรฟแทเลต พอลิไวนิลแอลกอฮอล์ และพอลิเมทิลเพนทีน,2025-11-01,429,375,0,804,,,,,,,,
655 เล่ม 2-2554,ภาชนะและเครื่องใช้พลาสติกสำหรับอาหาร เล่ม 2 พอลิไวนิลคลอไรด์ พอลิคาร์บอเนต พอลิแอไมด์ และพอลิเมทิลเมทาคริเลต,2025-11-01,26,46,0,72,,,,,,,,
655 เล่ม 3-2554,ภาชนะและเครื่องใช้พลาสติกสำหรับอาหาร เล่ม 3 อะคริโลไนไทรล์-บิวทะไดอีน-สไตรีน และสไตรีน-อะคริโลไนไทรล์,2025-11-01,30,100,0,130,,,,,,,,
659-2529,เหล็กฉากเจาะรู,2025-11-01,0,0,4,4,,,,,,,,
660-2529,บันไดอะลูมิเนียม,2025-11-01,0,0,3,3,,,,,,,,
683-2562,ยางในสำหรับรถจักรยานยนต์และโมเปด,2025-11-01,20,12,0,32,,,,,,,,
685 เล่ม 1-2562,ของเล่น: เฉพาะด้านความปลอดภัย เล่ม 1 ข้อกำหนด,2025-11-01,149,1443,0,1592,,,,,,,,
689-2530,ได-2-เอทิลเฮกซิลทาเลต,2025-11-01,0,0,2,2,,,,,,,,
691-2547,สีอีพอกซีสำหรับงานทั่วไป,2025-11-01,0,0,12,12,,,,,,,,
692-2560,กำมะถันสำหรับอุตสาหกรรม,2025-11-01,0,0,2,2,,,,,,,,
696-2530,ลูกกวาดและทอฟฟี่,2025-11-01,0,0,1,1,,,,,,,,
697-2530,ยางหุ้มขอบกระจกรถยนต์,2025-11-01,0,0,1,1,,,,,,,,
71-2532,ลวดเหล็กเคลือบสังกะสี,2025-11-01,0,0,12,12,,,,,,,,
710-2530,พัดลมไฟฟ้ากระแสสลับชนิดระบายอากาศ,2025-11-01,0,0,2,2,,,,,,,,
713-2541,จาระบี,2025-11-01,0,0,1,1,,,,,,,,
716-2532,ลวดเย็บกระดาษ,2025-11-01,0,0,5,5,,,,,,,,
717-2530,เครื่องเย็บกระดาษ,2025-11-01,0,0,1,1,,,,,,,,
718-2530,แบตเตอรี่ชนิดตะกั่ว-กรดใช้ประจำที่,2025-11-01,0,0,3,3,,,,,,,,
719-2530,แบตเตอรี่รถจักรยานยนต์,2025-11-01,0,0,1,1,,,,,,,,
721-2551,เข็มขัดนิรภัยสำหรับรถยนต์,2025-11-01,22,182,0,204,,,,,,,,
727-2551,สีโคลทาร์อีพ็อกซี,2025-11-01,0,0,5,5,,,,,,,,
729-2553,กระสอบพลาสติก,2025-11-01,0,0,3,3,,,,,,,,
730-2558,วัสดุเชื่อมสิ้นเปลือง - ลวดเชื่อมไฟฟ้ามีสารพอกหุ้มใช้เชื่อมเหล็กกล้าไร้สนิม และเหล็กกล้าทนความร้อนด้วยการเชื่อมอาร์กโลหะด้วยมือ - การจำแนกประเภท,2025-11-01,0,0,3,3,,,,,,,,
731-2532,ลวดเชื่อมมีสารพอกหุ้มใช้เชื่อมพอกผิวเหล็กกล้าด้วยอาร์ก,2025-11-01,0,0,7,7,,,,,,,,
732-2531,ลวดเชื่อมมีสารพอกหุ้มใช้เชื่อมเหล็กหล่อด้วยอาร์ก,2025-11-01,0,0,5,5,,,,,,,,
733-2530,สารเคมีผสมเพิ่มสำหรับคอนกรีต,2025-11-01,0,0,7,7,,,,,,,,
737-2549,ตะแกรงเหล็กกล้าเชื่อมติดเสริมคอนกรีต,2025-11-01,0,0,91,91,,,,,,,,
738-2547,นมสด,2025-11-01,0,0,2,2,,,,,,,,
739-2563,สีสังเคราะห์ : สีไดเร็กต์,2025-11-01,11,36,0,47,,,,,,,,
740-2563,สีสังเคราะห์ : สีรีแอกทีฟ,2025-11-01,8,109,0,117,,,,,,,,
744-2563,วงกบและกรอบบานโลหะสำหรับประตูและหน้าต่าง: หน้าต่างอะลูมิเนียม,2025-11-01,0,0,5,5,,,,,,,,
747-2564,ลวดเหล็กกล้าดึงเย็นเสริมคอนกรีต,2025-11-01,0,0,36,36,,,,,,,,
75-2560,ปุ๋ยเคมี,2025-11-01,0,0,1,1,,,,,,,,
756-2535,กุญแจลูกบิด,2025-11-01,0,0,17,17,,,,,,,,
757-2531,กุญแจคล้องสายยู,2025-11-01,0,0,1,1,,,,,,,,
758-2551,กระดาษหนังสือพิมพ์,2025-11-01,0,0,1,1,,,,,,,,
759-2531,บานพับสำหรับประตูและหน้าต่าง : บานพับสองปีก,2025-11-01,0,0,18,18,,,,,,,,
76-2517,ลวดหนามเคลือบสังกะสี,2025-11-01,0,0,2,2,,,,,,,,
760-2563,สีสังเคราะห์ : สีแวต,2025-11-01,2,38,0,40,,,,,,,,
764-2561,ชุดปีกผีเสื้อใช้ครั้งเดียว,2025-11-01,0,0,1,1,,,,,,,,
769-2533,ผ้ามุ้ง,2025-11-01,0,0,4,4,,,,,,,,
77-2565,อิฐก่อสร้างสามัญ,2025-11-01,0,0,16,16,,,,,,,,
770-2567,ท่อเหล็กกล้าเคลือบสังกะสีสำหรับใช้ร้อยสายไฟฟ้า,2025-11-01,0,0,3,3,,,,,,,,
773-2531,ดอกไม้ประดิษฐ์,2025-11-01,0,0,2,2,,,,,,,,
776-2552,หลอดพลาสติกสำหรับอาหาร,2025-11-01,0,0,2,2,,,,,,,,
777-2552,กระบอกฉีดยาผ่านใต้ผิวหนังปราศจากเชื้อชนิดใช้ครั้งเดียว,2025-11-01,0,0,1,1,,,,,,,,
778-2531,โครงบานเกล็ดหน้าต่างปรับได้,2025-11-01,0,0,6,6,,,,,,,,
78-2549,ผงซักฟอก,2025-11-01,34,22,0,56,,,,,,,,
787-2551,เครื่องยนต์ดีเซลขนาดเล็กระบายความร้อนด้วยน้ำ,2025-11-01,5,20,0,25,,,,,,,,
788-2531,ไส้หม้อกรองอากาศที่ใช้กับเครื่องยนต์สันดาปภายใน,2025-11-01,0,0,1,1,,,,,,,,
79-2529,กระเบื้องซีเมนต์ใยหินแผ่นลอน : ลอนคู่,2025-11-01,0,0,14,14,,,,,,,,
791-2565,เครื่องสุขภัณฑ์เซรามิก : อ่างล้างหน้า-ล้างมือ,2025-11-01,0,0,9,9,,,,,,,,
792-2554,เครื่องสุขภัณฑ์เซรามิก : โถส้วมนั่งราบ,2025-11-01,19,337,0,356,,,,,,,,
794-2567,เครื่องสุขภัณฑ์เซรามิก : โถส้วมนั่งยอง,2025-11-01,0,0,1,1,,,,,,,,
795-2564,เครื่องสุขภัณฑ์เซรามิก : โถปัสสาวะชาย,2025-11-01,0,0,9,9,,,,,,,,
796-2544,เครื่องสุขภัณฑ์วิเทรียสไชนา : โถชำระล้าง,2025-11-01,0,0,2,2,,,,,,,,
797-2565,เครื่องสุขภัณฑ์เซรามิก : อุปกรณ์ห้องน้ำ,2025-11-01,0,0,7,7,,,,,,,,
8-2564,ซอสปรุงรส,2025-11-01,0,0,1,1,,,,,,,,
80-2566,ปูนซีเมนต์ผสม,2025-11-01,0,0,15,15,,,,,,,,
800-2545,ยางขอบประตูรถยนต์,2025-11-01,0,0,1,1,,,,,,,,
801-2562,นั่งร้านท่อเหล็กกล้าแบบโครง,2025-11-01,0,0,2,2,,,,,,,,
803-2531,เชือกลวดเหล็กกล้าสำหรับลิฟต์,2025-11-01,0,0,7,7,,,,,,,,
805-2565,เครื่องปรับความดันก๊าซปิโตรเลียมเหลว : ความดันต่ำ,2025-11-01,0,0,2,2,,,,,,,,
81-2548,ท่อซีเมนต์ใยหินชนิดทนความดัน,2025-11-01,0,0,3,3,,,,,,,,
812-2558,มอเตอร์คอมเพรสเซอร์ เฉพาะด้านความปลอดภัย,2025-11-01,15,583,0,598,,,,,,,,
816-2565,พอลิเอทิลีนเรซิน,2025-11-01,0,0,7,7,,,,,,,,
821-2554,ปากกาสีน้ำ,2025-11-01,0,0,1,1,,,,,,,,
824-2551,สวิตช์ไฟฟ้าใช้ในที่อยู่อาศัยและสิ่งติดตั้งทางไฟฟ้ายึดกับที่ที่คล้ายกัน : ข้อกำหนดทั่วไป,2025-11-01,35,176,0,211,,,,,,,,
826-2531,กระเบื้องซีเมนต์ปูพื้น,2025-11-01,0,0,52,52,,,,,,,,
827-2565,คอนกรีตบล็อกประสานปูพื้น,2025-11-01,0,0,13,13,,,,,,,,
828-2546,ชิ้นส่วนคอนกรีตเสริมเหล็กอัดแรงหล่อสำเร็จสำหรับระบบพื้นประกอบ,2025-11-01,0,0,548,548,,,,,,,,
829-2563,วงกบและกรอบบานโลหะสำหรับประตูและหน้าต่าง: ประตูอะลูมิเนียม,2025-11-01,0,0,3,3,,,,,,,,
83-2561,น้ำส้มสายชู,2025-11-01,0,0,3,3,,,,,,,,
834-2556,สีโป๊ยานยนต์ : พอลิเอสเทอร์,2025-11-01,0,0,10,10,,,,,,,,
836-2534,โพลิสไตรีนเรซิน,2025-11-01,0,0,3,3,,,,,,,,
838-2531,สายไฟฟ้าสำหรับวงจรควบคุม,2025-11-01,0,0,13,13,,,,,,,,
84-2552,ชอล์กสำหรับกระดานดำ,2025-11-01,0,0,1,1,,,,,,,,
849-2566,ปูนซีเมนต์ปอร์ตแลนด์ปอซโซลาน,2025-11-01,0,0,2,2,,,,,,,,
85-2548,ตัวนำลวดกลมตีเกลียวร่วมศูนย์กลางสำหรับสายไฟฟ้าเหนือดิน,2025-11-01,11,2,0,13,,,,,,,,
851-2561,แอสฟัลต์ซีเมนต์สำหรับงานทาง,2025-11-01,0,0,23,23,,,,,,,,
854-2566,อ่างเหล็กกล้าไร้สนิมสำหรับล้างชาม,2025-11-01,0,0,2,2,,,,,,,,
862-2532,บานพับสำหรับหน้าต่าง : บานพับปรับมุมชนิดฝืด,2025-11-01,0,0,1,1,,,,,,,,
865-2544,คัตแบกแอสฟัลต์,2025-11-01,0,0,15,15,,,,,,,,
872-2532,หม้อกรองน้ำมันเครื่องชนิดถอดเปลี่ยนทั้งชุดสำหรับรถยนต์,2025-11-01,0,0,4,4,,,,,,,,
875-2565,เครื่องปรับความดันก๊าซปิโตรเลียมเหลว : ความดันสูง,2025-11-01,0,0,2,2,,,,,,,,
878-2566,แผ่นชิ้นไม้อัดซีเมนต์ : ความหนาแน่นสูง,2025-11-01,0,0,2,2,,,,,,,,
879-2553,ไฟแช็กก๊าซ,2025-11-01,5,34,0,39,,,,,,,,
880-2560,กระจกโฟลตใส,2025-11-01,8,101,0,109,,,,,,,,
882-2532,เครื่องดับเพลิงยกหิ้ว : โฟม,2025-11-01,5,5,0,10,,,,,,,,
885-2551,บัลลาสต์อิเล็กทรอนิกส์ใช้กับไฟฟ้ากระแสสลับสำหรับหลอดฟลูออเรสเซนซ์ เฉพาะด้านความปลอดภัย,2025-11-01,0,0,10,10,,,,,,,,
897-2564,ไฮโดรเจนเพอร์ออกไซด์สำหรับอุตสาหกรรม,2025-11-01,0,0,1,1,,,,,,,,
9-2550,ลูกแบดมินตัน,2025-11-01,0,0,2,2,,,,,,,,
900-2565,ถ่านกัมมันต์สำหรับอุตสาหกรรมทั่วไป,2025-11-01,0,0,2,2,,,,,,,,
902 เล่ม 2(1)-2563,ดวงโคมไฟฟ้าติดประจำที่สำหรับจุดประสงค์ทั่วไป,2025-11-01,0,0,15,15,,,,,,,,
902 เล่ม 2(22)-2560,ดวงโคมไฟฟ้าฉุกเฉิน,2025-11-01,0,0,6,6,,,,,,,,
902 เล่ม 2(3)-2557,ดวงโคมไฟฟ้าสำหรับให้แสงสว่างบนถนน,2025-11-01,0,0,38,38,,,,,,,,
902 เล่ม 2(5)-2563,ดวงโคมไฟฟ้าสาดแสง,2025-11-01,0,0,11,11,,,,,,,,
909-2548,เครื่องตัดวงจรกระแสเหลือแบบมีอุปกรณ์ป้องกันกระแสเกิน สำหรับใช้ในที่อยู่อาศัยและใช้ในลักษณะที่คล้ายกัน,2025-11-01,33,105,0,138,,,,,,,,
910-2532,ท่อโพลิบิวทิลีนสำหรับใช้เป็นท่อน้ำดื่ม,2025-11-01,0,0,11,11,,,,,,,,
913-2550,แคปซูลเจลาตินชนิดแข็ง,2025-11-01,0,0,1,1,,,,,,,,
915 เล่ม 1-2562,วาล์วถังก๊าซปิโตรเลียมเหลว เล่ม 1 แบบกดล็อก,2025-11-01,0,0,2,2,,,,,,,,
915 เล่ม 2-2562,วาล์วถังก๊าซปิโตรเลียมเหลว เล่ม 2 แบบมือหมุน,2025-11-01,0,0,5,5,,,,,,,,
918-2535,อุปกรณ์และข้อต่อเหล็กหล่อเทาสำหรับท่อส่งน้ำชนิดทนความดัน,2025-11-01,0,0,395,395,,,,,,,,
92-2536,พัดลมไฟฟ้ากระแสสลับชนิดตั้งโต๊ะและติดผนัง,2025-11-01,0,0,12,12,,,,,,,,
921-2551,โต๊ะเทเบิลเทนนิส,2025-11-01,0,0,4,4,,,,,,,,
927-2533,แบไรต์สำหรับเจาะบ่อปิโตรเลียม,2025-11-01,0,0,1,1,,,,,,,,
93-2563,แหนบแผ่น - คุณลักษณะทางเทคนิค,2025-11-01,0,0,1,1,,,,,,,,
934-2558,พัดลมไฟฟ้ากระแสสลับ - คุณลักษณะที่ต้องการด้านความปลอดภัย,2025-11-01,144,433,0,577,,,,,,,,
940-2562,ลูกฟุตบอล,2025-11-01,0,0,4,4,,,,,,,,
941-2563,ลูกบาสเกตบอล,2025-11-01,0,0,4,4,,,,,,,,
942-2563,ลูกวอลเลย์บอล,2025-11-01,0,0,4,4,,,,,,,,
943-2564,ลวดเหล็กกล้าข้ออ้อยดึงเย็นเสริมคอนกรีต,2025-11-01,0,0,24,24,,,,,,,,
948-2556,แป้งถั่วเขียว,2025-11-01,0,0,1,1,,,,,,,,
95-2540,ลวดเหล็กกล้าสำหรับคอนกรีตอัดแรง,2025-11-01,30,6,0,36,,,,,,,,
950-2547,แอลกอฮอล์แข็งสำหรับใช้เป็นเชื้อเพลิง,2025-11-01,11,0,0,11,,,,,,,,
951-2533,แผ่นยางรองสะพาน,2025-11-01,0,0,5,5,,,,,,,,
952-2533,หมึกอัดสำเนา,2025-11-01,0,0,2,2,,,,,,,,
955 เล่ม 6-2554,สายไฟฟ้าหุ้มฉนวนยาง แรงดันไฟฟ้าที่กำหนดไม่เกิน 450/750 โวลต์ เล่ม 6 สายอิเล็กโทรดของเครื่องเชื่อมอาร์ก,2025-11-01,0,0,1,1,,,,,,,,
956-2557,หลอดฟลูออเรสเซนซ์ขั้วคู่ -คุณลักษณะที่ต้องการด้านความปลอดภัย,2025-11-01,4,19,0,23,,,,,,,,
96 เล่ม 2-2560,แบตเตอรี่ปฐมภูมิ เล่ม 2 ข้อกำหนดคุณลักษณะทางรูปร่างและทางไฟฟ้า,2025-11-01,0,0,1,1,,,,,,,,
965-2560,กระจกเทมเปอร์,2025-11-01,52,128,0,180,,,,,,,,
967-2533,กระเทียมผง,2025-11-01,0,0,1,1,,,,,,,,
969-2562,หัวนมยางสำหรับขวดนม,2025-11-01,19,22,0,41,,,,,,,,
97-2557,ผ้าเบรกสำหรับยานยนต์,2025-11-01,0,0,7,7,,,,,,,,
971-2533,เสารั้วคอนกรีตเสริมเหล็กอัดแรงหล่อสำเร็จ,2025-11-01,0,0,10,10,,,,,,,,
975-2538,กระบอกไฮดรอลิกสำหรับอุตสาหกรรมทั่วไป,2025-11-01,0,0,16,16,,,,,,,,
980-2552,น้ำยางข้นธรรมชาติ,2025-11-01,0,0,1,1,,,,,,,,
982-2556,ท่อพอลิเอทิลีนสำหรับน้ำดื่ม,2025-11-01,0,0,62,62,,,,,,,,
989-2562,ถังเหล็กกล้าไร้สนิมสำหรับเก็บน้ำ,2025-11-01,0,0,6,6,,,,,,,,
998-2553,ภาชนะพลาสติกสำหรับบรรจุน้ำบริโภค,2025-11-01,0,0,6,6,,,,,,,,
999-2533,ท่อพีวีซีแข็งสำหรับใช้ในงานอุตสาหกรรม,2025-11-01,0,0,6,6,,,,,,,,
